Platform,Brand,Biggest card,Saving %,What the terms do say,URL
buyhatke,Absolute Barbecues,5000,9.14,talks about BALANCE reuse over time,https://buyhatke.com/gift-cards/absolute-barbecues-gift-card
buyhatke,Foxtale,5000,20.88,talks about BALANCE reuse over time,https://buyhatke.com/gift-cards/foxtale-gift-card
buyhatke,Neemans,2000,9.13,talks about BALANCE reuse over time,https://buyhatke.com/gift-cards/neemans-gift-card
buyhatke,Nua Women,2000,23.78,talks about BALANCE reuse over time,https://buyhatke.com/gift-cards/nua-women-gift-card
buyhatke,Philips,5000,8.39,talks about BALANCE reuse over time,https://buyhatke.com/gift-cards/philips-gift-card
buyhatke,Skullcandy,5000,16.88,talks about BALANCE reuse over time,https://buyhatke.com/gift-cards/skullcandy-gift-card
buyhatke,Urban Space,5000,6.99,talks about BALANCE reuse over time,https://buyhatke.com/gift-cards/urban-space-gift-card
buyhatke,Apollo Diagnostics,5000,9.98,"talks about stacking with OFFERS, not vouchers",https://buyhatke.com/gift-cards/apollo-diagnostics-gift-card
buyhatke,Apollo Healing,5000,10.88,"talks about stacking with OFFERS, not vouchers",https://buyhatke.com/gift-cards/apollo-healing-gift-card
buyhatke,Blissclub,5000,12.64,"talks about stacking with OFFERS, not vouchers",https://buyhatke.com/gift-cards/blissclub-gift-card
buyhatke,Boat,2000,6.13,"talks about stacking with OFFERS, not vouchers",https://buyhatke.com/gift-cards/boat-gift-card
buyhatke,BrainGymJr,1490,12.09,"talks about stacking with OFFERS, not vouchers",https://buyhatke.com/gift-cards/braingymjr-gift-card
buyhatke,CLAYCO,2000,16.77,"talks about stacking with OFFERS, not vouchers",https://buyhatke.com/gift-cards/clayco-gift-card
buyhatke,Chicago Pizza In Store,5000,13.88,"talks about stacking with OFFERS, not vouchers",https://buyhatke.com/gift-cards/chicago-pizza-(in-store)-gift-card
buyhatke,Discovery Plus,499,37.17,"talks about stacking with OFFERS, not vouchers",https://buyhatke.com/gift-cards/discovery-plus-gift-card
buyhatke,Finusmart,1000,13.88,"talks about stacking with OFFERS, not vouchers",https://buyhatke.com/gift-cards/finusmart-gift-card
buyhatke,Freecultr,1000,17.88,"talks about stacking with OFFERS, not vouchers",https://buyhatke.com/gift-cards/freecultr-gift-card
buyhatke,Frido,5000,13.92,"talks about stacking with OFFERS, not vouchers",https://buyhatke.com/gift-cards/frido-gift-card
buyhatke,GoBaby Travel,500,9.24,"talks about stacking with OFFERS, not vouchers",https://buyhatke.com/gift-cards/gobaby-travel-gift-card
buyhatke,Hammer,2000,23.73,"talks about stacking with OFFERS, not vouchers",https://buyhatke.com/gift-cards/hammer-gift-card
buyhatke,Home,5000,6.88,"talks about stacking with OFFERS, not vouchers",https://buyhatke.com/gift-cards/home-gift-card
buyhatke,JioHotstar,2190,4.99,"talks about stacking with OFFERS, not vouchers",https://buyhatke.com/gift-cards/jiohotstar-gift-card
buyhatke,LIONSGATE PLAY,799,18.47,"talks about stacking with OFFERS, not vouchers",https://buyhatke.com/gift-cards/lionsgate-play-gift-card
buyhatke,Liberty,5000,8.27,"talks about stacking with OFFERS, not vouchers",https://buyhatke.com/gift-cards/liberty-gift-card
buyhatke,"Liberty (In Store, 3 Day Wait)",5000,7.55,"talks about stacking with OFFERS, not vouchers",https://buyhatke.com/gift-cards/liberty-(in-store%2C-3-day-wait)-gift-card
buyhatke,Liberty Offline In Store,5000,8.27,"talks about stacking with OFFERS, not vouchers",https://buyhatke.com/gift-cards/liberty-offline-(in-store)-gift-card
buyhatke,Live Mint,2940,58.88,"talks about stacking with OFFERS, not vouchers",https://buyhatke.com/gift-cards/live-mint-gift-card
buyhatke,Nat Habit,2000,21.14,"talks about stacking with OFFERS, not vouchers",https://buyhatke.com/gift-cards/nat-habit-gift-card
buyhatke,Sathya In Store,5000,1.38,"talks about stacking with OFFERS, not vouchers",https://buyhatke.com/gift-cards/sathya-(in-store)-gift-card
buyhatke,Style Bazaar In Store,2000,2.87,"talks about stacking with OFFERS, not vouchers",https://buyhatke.com/gift-cards/style-bazaar-(in-store)-gift-card
buyhatke,Tim Hortons In Store,1000,6.78,"talks about stacking with OFFERS, not vouchers",https://buyhatke.com/gift-cards/tim-hortons-(in-store)-gift-card
buyhatke,TimeZone In Store,1250,7.55,"talks about stacking with OFFERS, not vouchers",https://buyhatke.com/gift-cards/timezone-(in-store)-gift-card
buyhatke,Tinder,1460,6.57,"talks about stacking with OFFERS, not vouchers",https://buyhatke.com/gift-cards/tinder-gift-card
buyhatke,Titan Eye Plus In Store,5000,5.48,"talks about stacking with OFFERS, not vouchers",https://buyhatke.com/gift-cards/titan-eye-plus-(in-store)-gift-card
buyhatke,Typsy Beauty,2000,12.64,"talks about stacking with OFFERS, not vouchers",https://buyhatke.com/gift-cards/typsy-beauty-gift-card
buyhatke,Valorant,9500,1.88,"talks about stacking with OFFERS, not vouchers",https://buyhatke.com/gift-cards/valorant-gift-card
buyhatke,Yatra Hotel,5000,10.95,"talks about stacking with OFFERS, not vouchers",https://buyhatke.com/gift-cards/yatra-hotel-gift-card
gyftr,Behrouz Biryani,2000,12.0,"talks about stacking with OFFERS, not vouchers",https://www.gyftr.com/behrouz-biryani
gyftr,EA SPORTS FC 26,4750,3.0,"talks about stacking with OFFERS, not vouchers",https://www.gyftr.com/ea-sports-fc-26
gyftr,Gaana,799,16.0,"talks about stacking with OFFERS, not vouchers",https://www.gyftr.com/gaanaplus
gyftr,Moba Legends 5v5,1161,7.0,"talks about stacking with OFFERS, not vouchers",https://www.gyftr.com/moba-legends-5v5
gyftr,Nintendo eShop Voucher,4750,5.0,"talks about stacking with OFFERS, not vouchers",https://www.gyftr.com/nintendo-eshop-voucher
gyftr,Palmonas,5000,13.0,"talks about stacking with OFFERS, not vouchers",https://www.gyftr.com/palmonas
gyftr,Rainbow Six Mobile,1199,11.0,"talks about stacking with OFFERS, not vouchers",https://www.gyftr.com/rainbow-six-mobile
gyftr,Tinder,1460,7.0,"talks about stacking with OFFERS, not vouchers",https://www.gyftr.com/tinder
gyftr,Valorant,950,5.0,"talks about stacking with OFFERS, not vouchers",https://www.gyftr.com/valorant
gyftr,Wendy's,2000,12.0,"talks about stacking with OFFERS, not vouchers",https://www.gyftr.com/wendy's
gyftr,Wonderchef,5000,12.0,"talks about stacking with OFFERS, not vouchers",https://www.gyftr.com/wonderchef
gyftr,Yalla Ludo,2375,1.5,"talks about stacking with OFFERS, not vouchers",https://www.gyftr.com/yalla-ludo
gyftr,Zomato Gift Card,2000,2.0,"talks about stacking with OFFERS, not vouchers",https://www.gyftr.com/zomato-gift-card
buyhatke,Amazon Prime,1490,14.34,terms never mention multiples at all,https://buyhatke.com/gift-cards/amazon-prime-gift-card
buyhatke,Amazon Prime Lite Edition,799,13.63,terms never mention multiples at all,https://buyhatke.com/gift-cards/amazon-prime-lite-edition-gift-card
buyhatke,Amazon Prime Shopping Edition,399,13.63,terms never mention multiples at all,https://buyhatke.com/gift-cards/amazon-prime-shopping-edition-gift-card
buyhatke,BGMI UniPin,3800,5.84,terms never mention multiples at all,https://buyhatke.com/gift-cards/bgmi-unipin-gift-card
buyhatke,Boditive,200,8.39,terms never mention multiples at all,https://buyhatke.com/gift-cards/boditive-gift-card
buyhatke,Cafe Coffee Day,5000,10.88,terms never mention multiples at all,https://buyhatke.com/gift-cards/cafe-coffee-day-gift-card
buyhatke,Cinepolis,5000,10.88,terms never mention multiples at all,https://buyhatke.com/gift-cards/cinepolis-gift-card
buyhatke,DANUBE BUILDMART,5000,5.88,terms never mention multiples at all,https://buyhatke.com/gift-cards/danube-buildmart-gift-card
buyhatke,Discovery,499,12.88,terms never mention multiples at all,https://buyhatke.com/gift-cards/discovery-gift-card
buyhatke,Dominos,3000,15.38,terms never mention multiples at all,https://buyhatke.com/gift-cards/dominos-gift-card
buyhatke,Epic On 1 Year Plan,499,5.84,terms never mention multiples at all,https://buyhatke.com/gift-cards/epic-on-1-year-plan-gift-card
buyhatke,Euphoria Gold Coin,5000,1.59,terms never mention multiples at all,https://buyhatke.com/gift-cards/euphoria-gold-coin-gift-card
buyhatke,French Accent,2000,6.69,terms never mention multiples at all,https://buyhatke.com/gift-cards/french-accent-gift-card
buyhatke,Gaana,599,15.28,terms never mention multiples at all,https://buyhatke.com/gift-cards/gaana-gift-card
buyhatke,Google Play,1000,0.88,terms never mention multiples at all,https://buyhatke.com/gift-cards/google-play-gift-card
buyhatke,Haute Sauce,2000,6.69,terms never mention multiples at all,https://buyhatke.com/gift-cards/haute-sauce-gift-card
buyhatke,HopInTown Plus,999,7.39,terms never mention multiples at all,https://buyhatke.com/gift-cards/hopintown-plus-gift-card
buyhatke,IOCL In Store,100,0.4,terms never mention multiples at all,https://buyhatke.com/gift-cards/iocl-(in-store)-gift-card
buyhatke,Instafab Plus,2000,6.69,terms never mention multiples at all,https://buyhatke.com/gift-cards/instafab-plus-gift-card
buyhatke,Jockey,5000,13.63,terms never mention multiples at all,https://buyhatke.com/gift-cards/jockey-gift-card
buyhatke,Just Lil Things,1000,18.88,terms never mention multiples at all,https://buyhatke.com/gift-cards/just-lil-things-gift-card
buyhatke,Kiehls In Store,5000,3.29,terms never mention multiples at all,https://buyhatke.com/gift-cards/kiehls-(in-store)-gift-card
buyhatke,Milkbasket,2000,1.59,terms never mention multiples at all,https://buyhatke.com/gift-cards/milkbasket-gift-card
buyhatke,Minecraft Minecoins,1090,4.14,terms never mention multiples at all,https://buyhatke.com/gift-cards/minecraft-minecoins-gift-card
buyhatke,Muthoot Gold,5000,2.13,terms never mention multiples at all,https://buyhatke.com/gift-cards/muthoot-gold-gift-card
buyhatke,Nintendo,4750,4.57,terms never mention multiples at all,https://buyhatke.com/gift-cards/nintendo-gift-card
buyhatke,PCJ Diamond Jewellery In Store,5000,2.02,terms never mention multiples at all,https://buyhatke.com/gift-cards/pcj-diamond-jewellery-(in-store)-gift-card
buyhatke,PEORA In Store,5000,10.95,terms never mention multiples at all,https://buyhatke.com/gift-cards/peora-(in-store)-gift-card
buyhatke,Peora Fashions In Store,5000,12.73,terms never mention multiples at all,https://buyhatke.com/gift-cards/peora-fashions-(in-store)-gift-card
buyhatke,Planet Fashion In Store,9990,2.13,terms never mention multiples at all,https://buyhatke.com/gift-cards/planet-fashion-(in-store)-gift-card
buyhatke,Points for Good,5000,2.88,terms never mention multiples at all,https://buyhatke.com/gift-cards/points-for-good-gift-card
buyhatke,Razer Gold,5000,0.32,terms never mention multiples at all,https://buyhatke.com/gift-cards/razer-gold-gift-card
buyhatke,Reliance Smart In Store,9990,0.74,terms never mention multiples at all,https://buyhatke.com/gift-cards/reliance-smart-(in-store)-gift-card
buyhatke,Roblox,1800,5.21,terms never mention multiples at all,https://buyhatke.com/gift-cards/roblox-gift-card
buyhatke,Salty,500,15.19,terms never mention multiples at all,https://buyhatke.com/gift-cards/salty-gift-card
buyhatke,Smile Foundation,1000,15.73,terms never mention multiples at all,https://buyhatke.com/gift-cards/smile-foundation-gift-card
buyhatke,Swiggy Instamart,7500,2.66,terms never mention multiples at all,https://buyhatke.com/gift-cards/swiggy-instamart-gift-card
buyhatke,Taneira In Store,5000,8.0,terms never mention multiples at all,https://buyhatke.com/gift-cards/taneira-(in-store)-gift-card
buyhatke,Third Wave Coffee,5000,10.38,terms never mention multiples at all,https://buyhatke.com/gift-cards/third-wave-coffee-gift-card
buyhatke,Times Prime Power,2490,44.09,terms never mention multiples at all,https://buyhatke.com/gift-cards/times-prime-power-gift-card
buyhatke,Times Prime Prive,3990,38.14,terms never mention multiples at all,https://buyhatke.com/gift-cards/times-prime-prive-gift-card
buyhatke,Uber,5000,3.13,terms never mention multiples at all,https://buyhatke.com/gift-cards/uber-gift-card
buyhatke,UniPin,7500,2.38,terms never mention multiples at all,https://buyhatke.com/gift-cards/unipin-gift-card
buyhatke,Unlimited In Store,5000,6.13,terms never mention multiples at all,https://buyhatke.com/gift-cards/unlimited-(in-store)-gift-card
buyhatke,Vaango In Store,5000,6.27,terms never mention multiples at all,https://buyhatke.com/gift-cards/vaango-(in-store)-gift-card
buyhatke,Xbox Essential Game Pass,3940,5.84,terms never mention multiples at all,https://buyhatke.com/gift-cards/xbox-essential-game-pass-gift-card
buyhatke,Xbox Premium Game Pass,2090,5.84,terms never mention multiples at all,https://buyhatke.com/gift-cards/xbox-premium-game-pass-gift-card
buyhatke,Xbox Ultimate Game Pass,3260,5.84,terms never mention multiples at all,https://buyhatke.com/gift-cards/xbox-ultimate-game-pass-gift-card
buyhatke,easybuy In Store,5000,8.89,terms never mention multiples at all,https://buyhatke.com/gift-cards/easybuy-(in-store)-gift-card
gyftr,AJIO,5000,5.0,terms never mention multiples at all,https://www.gyftr.com/ajio
gyftr,Amazon Fresh,2000,1.5,terms never mention multiples at all,https://www.gyftr.com/amazon-fresh
gyftr,BGMI UC Official Voucher,7500,10.0,terms never mention multiples at all,https://www.gyftr.com/bgmi-uc-official-voucher
gyftr,Blinkit Gift Card,5000,2.5,terms never mention multiples at all,https://www.gyftr.com/blinkit-gift-card
gyftr,Discord,950,1.0,terms never mention multiples at all,https://www.gyftr.com/discord
gyftr,KALKI,5000,13.0,terms never mention multiples at all,https://www.gyftr.com/kalki
gyftr,MS Xbox Game Pass Ultimate,3269,6.0,terms never mention multiples at all,https://www.gyftr.com/ms-xbox-game-pass-ultimate
gyftr,Microsoft Xbox Game Pass Core,2249,6.0,terms never mention multiples at all,https://www.gyftr.com/microsoft-xbox-game-pass-core
gyftr,UniPin BGMI,7500,5.0,terms never mention multiples at all,https://www.gyftr.com/unipin-bgmi
maximize,Fashion Factory,5000,3.5,terms never mention multiples at all,https://www.maximize.money/gift-cards/Fashion Factory/272
maximize,Third Wave Coffee,5000,10.0,terms never mention multiples at all,https://www.maximize.money/gift-cards/Third Wave Coffee/197
