brand,source,slug,seller_page
Absolute Barbecues,buyhatke,absolute-barbecues-gift-card,https://buyhatke.com/gift-cards/absolute-barbecues-gift-card
Affinity - Luzo Gift Card,gyftr,affinity-luzo-gift-card,https://www.gyftr.com/affinity-luzo-gift-card
Air India,maximize,air-india-409,https://www.maximize.money/gift-cards/Air India/409
Air India,buyhatke,air-india-gift-card,https://buyhatke.com/gift-cards/air-india-gift-card
Air India Ancillary,maximize,air-india-1089,https://www.maximize.money/gift-cards/Air India/1089
Air India Domestic,maximize,air-india-1148,https://www.maximize.money/gift-cards/Air India/1148
Airport Sim,maximize,airport-sim-1138,https://www.maximize.money/gift-cards/Airport Sim/1138
AJIO,maximize,ajio,https://www.maximize.money/gift-cards/Ajio/416
Ajio,buyhatke,ajio-gift-card,https://buyhatke.com/gift-cards/ajio-gift-card
Ajio Luxe,maximize,ajio-luxe-700,https://www.maximize.money/gift-cards/AJIO Luxe/700
Ajio Luxe,buyhatke,ajio-luxe-gift-card,https://buyhatke.com/gift-cards/ajio-luxe-gift-card
ALDO,buyhatke,aldo-gift-card,https://buyhatke.com/gift-cards/aldo-gift-card
Amazon,maximize,amazon-548,https://www.maximize.money/gift-cards/Amazon/548
Amazon Prime,buyhatke,amazon-prime-gift-card,https://buyhatke.com/gift-cards/amazon-prime-gift-card
Amazon Prime 3 months,buyhatke,amazon-prime-3-months-gift-card,https://buyhatke.com/gift-cards/amazon-prime-3-months-gift-card
Apollo Diagnostics,buyhatke,apollo-diagnostics-gift-card,https://buyhatke.com/gift-cards/apollo-diagnostics-gift-card
Apollo Healing,buyhatke,apollo-healing-gift-card,https://buyhatke.com/gift-cards/apollo-healing-gift-card
Apollo Pharmacy,gyftr,apollo-pharmacy,https://www.gyftr.com/apollo-pharmacy
Appreciate (1 Day Wait),buyhatke,appreciate-(1-day-wait)-gift-card,https://buyhatke.com/gift-cards/appreciate-(1-day-wait)-gift-card
Assembly,maximize,assembly,https://www.maximize.money/gift-cards/Assembly/258
Bagline,buyhatke,bagline-gift-card,https://buyhatke.com/gift-cards/bagline-gift-card
Bakingo,maximize,bakingo,https://www.maximize.money/gift-cards/Bakingo/493
Bath Body Works,buyhatke,bath-body-works-gift-card,https://buyhatke.com/gift-cards/bath-body-works-gift-card
Bblunt - Luzo Gift Card,gyftr,bblunt-luzo-gift-card,https://www.gyftr.com/bblunt-luzo-gift-card
Beer Cafe,buyhatke,beer-cafe-gift-card,https://buyhatke.com/gift-cards/beer-cafe-gift-card
Behrouz Biryani,gyftr,behrouz-biryani,https://www.gyftr.com/behrouz-biryani
Behrouz Biryani,maximize,behrouz-biryani,https://www.maximize.money/gift-cards/Behrouz Biryani/497
Behrouz Biryani,buyhatke,behrouz-biryani-gift-card,https://buyhatke.com/gift-cards/behrouz-biryani-gift-card
BGMI UC Official Voucher,maximize,bgmi,https://www.maximize.money/gift-cards/BGMI/1061
BIRYANI BY KILO,buyhatke,biryani-by-kilo-gift-card,https://buyhatke.com/gift-cards/biryani-by-kilo-gift-card
Black + Decker,gyftr,black-+-decker,https://www.gyftr.com/black-+-decker
Blinkit,maximize,blinkit-749,https://www.maximize.money/gift-cards/Blinkit/749
Blinkit,buyhatke,blinkit-gift-card,https://buyhatke.com/gift-cards/blinkit-gift-card
Blinkit Gift Card,gyftr,blinkit-gift-card,https://www.gyftr.com/blinkit-gift-card
Blue Tokai Coffe,maximize,blue-tokai-coffe,https://www.maximize.money/gift-cards/Blue Tokai Coffe/71
Boditive,maximize,boditive,https://www.maximize.money/gift-cards/Boditive/831
Body Craft Clinic,buyhatke,body-craft-clinic-gift-card,https://buyhatke.com/gift-cards/body-craft-clinic-gift-card
BookMyShow,buyhatke,bookmyshow-gift-card,https://buyhatke.com/gift-cards/bookmyshow-gift-card
Bounce - Luzo Gift Card,gyftr,bounce-luzo-gift-card,https://www.gyftr.com/bounce-luzo-gift-card
BPCL,buyhatke,bpcl-gift-card,https://buyhatke.com/gift-cards/bpcl-gift-card
Brooks Brothers Luxe,buyhatke,brooks-brothers-luxe-gift-card,https://buyhatke.com/gift-cards/brooks-brothers-luxe-gift-card
Bubbles - Luzo Gift Card,gyftr,bubbles-luzo-gift-card,https://www.gyftr.com/bubbles-luzo-gift-card
Cafe Coffee Day,buyhatke,cafe-coffee-day-gift-card,https://buyhatke.com/gift-cards/cafe-coffee-day-gift-card
Cafe Mezzuna,buyhatke,cafe-mezzuna-gift-card,https://buyhatke.com/gift-cards/cafe-mezzuna-gift-card
Call it Spring,buyhatke,call-it-spring-gift-card,https://buyhatke.com/gift-cards/call-it-spring-gift-card
Campus,maximize,campus,https://www.maximize.money/gift-cards/Campus/263
Charles and Keith,buyhatke,charles-and-keith-gift-card,https://buyhatke.com/gift-cards/charles-and-keith-gift-card
CHARLES KEITH,buyhatke,charles-keith-gift-card,https://buyhatke.com/gift-cards/charles-keith-gift-card
Cleartrip,buyhatke,cleartrip-gift-card,https://buyhatke.com/gift-cards/cleartrip-gift-card
Cult Gift Card,gyftr,cult-gift-card,https://www.gyftr.com/cult-gift-card
Cut & Style - Luzo Gift Card,gyftr,cut-and-style-luzo-gift-card,https://www.gyftr.com/cut-and-style-luzo-gift-card
Daily Objects,maximize,daily-objects,https://www.maximize.money/gift-cards/Daily Objects/816
DE ROYAL,buyhatke,de-royal-gift-card,https://buyhatke.com/gift-cards/de-royal-gift-card
Decathlon,buyhatke,decathlon-gift-card,https://buyhatke.com/gift-cards/decathlon-gift-card
Decathlon (Custom),maximize,decathlon,https://www.maximize.money/gift-cards/Decathlon/387
Discord,buyhatke,discord-gift-card,https://buyhatke.com/gift-cards/discord-gift-card
District Pass,buyhatke,district-pass-gift-card,https://buyhatke.com/gift-cards/district-pass-gift-card
DOMINO'S,gyftr,dominos,https://www.gyftr.com/dominos
Dominos,maximize,dominos-507,https://www.maximize.money/gift-cards/Dominos/507
Dominos,buyhatke,dominos-gift-card,https://buyhatke.com/gift-cards/dominos-gift-card
DOMINOS App Only,buyhatke,dominos-app-only-gift-card,https://buyhatke.com/gift-cards/dominos-app-only-gift-card
Doniv,buyhatke,doniv-gift-card,https://buyhatke.com/gift-cards/doniv-gift-card
Doodhvale,buyhatke,doodhvale-gift-card,https://buyhatke.com/gift-cards/doodhvale-gift-card
EA Sports,maximize,ea-sports,https://www.maximize.money/gift-cards/EA Sports/1124
Electricity Bill Payment,gyftr,electricity-bill-payment,https://www.gyftr.com/electricity-bill-payment
Elivaas,buyhatke,elivaas-gift-card,https://buyhatke.com/gift-cards/elivaas-gift-card
Enrich - Luzo Gift Card,gyftr,enrich-luzo-gift-card,https://www.gyftr.com/enrich-luzo-gift-card
Estuary World,maximize,estuary-world,https://www.maximize.money/gift-cards/Estuary World/794
Faasos,maximize,faasos,https://www.maximize.money/gift-cards/Faasos/537
Faasos,buyhatke,faasos-gift-card,https://buyhatke.com/gift-cards/faasos-gift-card
Fancode,buyhatke,fancode-gift-card,https://buyhatke.com/gift-cards/fancode-gift-card
Fastag Recharge,gyftr,fastag-recharge,https://www.gyftr.com/fastag-recharge
Fastrack,maximize,fastrack,https://www.maximize.money/gift-cards/Fastrack/396
Fastrack 1 Day Wait,buyhatke,fastrack-(1-day-wait)-gift-card,https://buyhatke.com/gift-cards/fastrack-(1-day-wait)-gift-card
Fastrack SmartWatch,maximize,fastrack-smartwatch,https://www.maximize.money/gift-cards/Fastrack SmartWatch/580
Fastrack SmartWatch 8 Hr Wait,buyhatke,fastrack-smartwatch-(8-hr-wait)-gift-card,https://buyhatke.com/gift-cards/fastrack-smartwatch-(8-hr-wait)-gift-card
Firangi Bake,buyhatke,firangi-bake-gift-card,https://buyhatke.com/gift-cards/firangi-bake-gift-card
FITPASS,gyftr,fitpass,https://www.gyftr.com/fitpass
FITPASS,maximize,fitpass,https://www.maximize.money/gift-cards/FITPASS/275
FITPASS,buyhatke,fitpass-gift-card,https://buyhatke.com/gift-cards/fitpass-gift-card
Flipkart,buyhatke,flipkart-gift-card,https://buyhatke.com/gift-cards/flipkart-gift-card
FlixBus,maximize,flixbus,https://www.maximize.money/gift-cards/FlixBus/805
Freecultr,maximize,freecultr,https://www.maximize.money/gift-cards/Freecultr/517
Freecultr,buyhatke,freecultr-gift-card,https://buyhatke.com/gift-cards/freecultr-gift-card
FreshMenu,maximize,freshmenu,https://www.maximize.money/gift-cards/FreshMenu/398
FreshMenu,buyhatke,freshmenu-gift-card,https://buyhatke.com/gift-cards/freshmenu-gift-card
Fricken,buyhatke,fricken-gift-card,https://buyhatke.com/gift-cards/fricken-gift-card
Gas Bill Payment,gyftr,gas-bill-payment,https://www.gyftr.com/gas-bill-payment
Geetanjali - Luzo Gift Card,gyftr,geetanjali-luzo-gift-card,https://www.gyftr.com/geetanjali-luzo-gift-card
GIVA Gold Jewellery,buyhatke,giva-gold-jewellery-gift-card,https://buyhatke.com/gift-cards/giva-gold-jewellery-gift-card
Giva Jewellery RDM,buyhatke,giva-jewellery-rdm-gift-card,https://buyhatke.com/gift-cards/giva-jewellery-rdm-gift-card
GIVA Silver Coin,buyhatke,giva-silver-coin-gift-card,https://buyhatke.com/gift-cards/giva-silver-coin-gift-card
Giva-Gold Jewellery,gyftr,giva-gold-jewellery,https://www.gyftr.com/giva-gold-jewellery
Gong,buyhatke,gong-gift-card,https://buyhatke.com/gift-cards/gong-gift-card
Google Play,buyhatke,google-play-gift-card,https://buyhatke.com/gift-cards/google-play-gift-card
GyFTR PAY,gyftr,gyftr-pay,https://www.gyftr.com/gyftr-pay
HealthifyMe Smart Plan,buyhatke,healthifyme-smart-plan-gift-card,https://buyhatke.com/gift-cards/healthifyme-smart-plan-gift-card
Hidesign,maximize,hidesign-462,https://www.maximize.money/gift-cards/Hidesign/462
Honest Bowl,buyhatke,honest-bowl-gift-card,https://buyhatke.com/gift-cards/honest-bowl-gift-card
Hoora,gyftr,hoora,https://www.gyftr.com/hoora
Hopscotch,buyhatke,hopscotch-gift-card,https://buyhatke.com/gift-cards/hopscotch-gift-card
HP Pay,buyhatke,hp-pay-gift-card,https://buyhatke.com/gift-cards/hp-pay-gift-card
HP Pay (In-App),maximize,hp-pay,https://www.maximize.money/gift-cards/HP Pay/788
HP Pay 250 300,buyhatke,hp-pay-250-300-gift-card,https://buyhatke.com/gift-cards/hp-pay-250-300-gift-card
HP Pay In App,buyhatke,hp-pay-in-app-gift-card,https://buyhatke.com/gift-cards/hp-pay-in-app-gift-card
Imagine,gyftr,imagine,https://www.gyftr.com/imagine
INGLOT,buyhatke,inglot-gift-card,https://buyhatke.com/gift-cards/inglot-gift-card
INOX Cinemas - GYFTR,maximize,inox-cinemas-gyftr,https://www.maximize.money/gift-cards/INOX Cinemas - GYFTR/1006
IRCTC,maximize,irctc,https://www.maximize.money/gift-cards/IRCTC/601
Jawed Habib - Luzo Gift Card,gyftr,jawed-habib-luzo-gift-card,https://www.gyftr.com/jawed-habib-luzo-gift-card
JCB - Luzo Gift Card,gyftr,jcb-luzo-gift-card,https://www.gyftr.com/jcb-luzo-gift-card
Jio Mart,buyhatke,jio-mart-gift-card,https://buyhatke.com/gift-cards/jio-mart-gift-card
JioSaavn,gyftr,jiosaavn,https://www.gyftr.com/jiosaavn
Joyalukkas,buyhatke,joyalukkas-gift-card,https://buyhatke.com/gift-cards/joyalukkas-gift-card
Joyalukkas Diamond,maximize,joyalukkas-diamond,https://www.maximize.money/gift-cards/Joyalukkas Diamond/464
Joyalukkas Gold and Diamond,maximize,joyalukkas-gold-and-diamond,https://www.maximize.money/gift-cards/Joyalukkas Gold and Diamond/592
Joyalukkas Gold and Diamond 12 Hr Wait,buyhatke,joyalukkas-gold-and-diamond-(12-hr-wait)-gift-card,https://buyhatke.com/gift-cards/joyalukkas-gold-and-diamond-(12-hr-wait)-gift-card
Joyalukkas Pure Gold,maximize,joyalukkas-pure-gold,https://www.maximize.money/gift-cards/Joyalukkas Pure Gold/442
Jungle Safari,buyhatke,jungle-safari-gift-card,https://buyhatke.com/gift-cards/jungle-safari-gift-card
KALKI,buyhatke,kalki-gift-card,https://buyhatke.com/gift-cards/kalki-gift-card
KANCHIPURAM NARAYANI SILKS,buyhatke,kanchipuram-narayani-silks-gift-card,https://buyhatke.com/gift-cards/kanchipuram-narayani-silks-gift-card
Kate Spade Luxe,buyhatke,kate-spade-luxe-gift-card,https://buyhatke.com/gift-cards/kate-spade-luxe-gift-card
Kuku FM,buyhatke,kuku-fm-gift-card,https://buyhatke.com/gift-cards/kuku-fm-gift-card
Lakme - Luzo Gift Card,gyftr,lakme-luzo-gift-card,https://www.gyftr.com/lakme-luzo-gift-card
Landline Bill Payment,gyftr,landline-bill-payment,https://www.gyftr.com/landline-bill-payment
Lenskart,maximize,lenskart,https://www.maximize.money/gift-cards/Lenskart/66
Live Mint,maximize,live-mint,https://www.maximize.money/gift-cards/Live Mint/836
Looks - Luzo Gift Card,gyftr,looks-luzo-gift-card,https://www.gyftr.com/looks-luzo-gift-card
Lulu Hypermarket,buyhatke,lulu-hypermarket-gift-card,https://buyhatke.com/gift-cards/lulu-hypermarket-gift-card
Lunch Box,buyhatke,lunch-box-gift-card,https://buyhatke.com/gift-cards/lunch-box-gift-card
Machaan,buyhatke,machaan-gift-card,https://buyhatke.com/gift-cards/machaan-gift-card
Makhani Darbar,buyhatke,makhani-darbar-gift-card,https://buyhatke.com/gift-cards/makhani-darbar-gift-card
Malabar Gold Coin,buyhatke,malabar-gold-coin-gift-card,https://buyhatke.com/gift-cards/malabar-gold-coin-gift-card
Malabar Jewellery,buyhatke,malabar-jewellery-gift-card,https://buyhatke.com/gift-cards/malabar-jewellery-gift-card
Malabar Silver Coin,gyftr,malabar-silver-coin,https://www.gyftr.com/malabar-silver-coin
Malabar Silver Coin,buyhatke,malabar-silver-coin-gift-card,https://buyhatke.com/gift-cards/malabar-silver-coin-gift-card
Matrix,buyhatke,matrix-gift-card,https://buyhatke.com/gift-cards/matrix-gift-card
Me N Moms,buyhatke,me-n-moms-gift-card,https://buyhatke.com/gift-cards/me-n-moms-gift-card
Medibuddy Gold,buyhatke,medibuddy-gold-gift-card,https://buyhatke.com/gift-cards/medibuddy-gold-gift-card
Milkbasket,gyftr,milkbasket,https://www.gyftr.com/milkbasket
Milkbasket,maximize,milkbasket,https://www.maximize.money/gift-cards/Milkbasket/1004
Milkbasket,buyhatke,milkbasket-gift-card,https://buyhatke.com/gift-cards/milkbasket-gift-card
MiniKlub,buyhatke,miniklub-gift-card,https://buyhatke.com/gift-cards/miniklub-gift-card
Miraggio,buyhatke,miraggio-gift-card,https://buyhatke.com/gift-cards/miraggio-gift-card
Moba Legends,buyhatke,moba-legends-gift-card,https://buyhatke.com/gift-cards/moba-legends-gift-card
Mobile Prepaid - Recharge,gyftr,mobile-prepaid-recharge,https://www.gyftr.com/mobile-prepaid-recharge
Modern Bazaar,maximize,modern-bazaar,https://www.maximize.money/gift-cards/Modern Bazaar/884
Modern Bazaar,buyhatke,modern-bazaar-gift-card,https://buyhatke.com/gift-cards/modern-bazaar-gift-card
MPJ Diamond Jewellery,maximize,mpj-nbsp-diamond-jewellery,https://www.maximize.money/gift-cards/MPJ&nbsp;Diamond Jewellery/1109
myHQ,buyhatke,myhq-gift-card,https://buyhatke.com/gift-cards/myhq-gift-card
Myntra,maximize,myntra,https://www.maximize.money/gift-cards/Myntra (Custom)/363
Myntra LUXE,buyhatke,myntra-luxe-gift-card,https://buyhatke.com/gift-cards/myntra-luxe-gift-card
Naturals - Luzo Gift Card,gyftr,naturals-luzo-gift-card,https://www.gyftr.com/naturals-luzo-gift-card
Nautica,buyhatke,nautica-gift-card,https://buyhatke.com/gift-cards/nautica-gift-card
Neemans,buyhatke,neemans-gift-card,https://buyhatke.com/gift-cards/neemans-gift-card
Nestasia,buyhatke,nestasia-gift-card,https://buyhatke.com/gift-cards/nestasia-gift-card
Ode Spa Salon,maximize,ode-spa-salon,https://www.maximize.money/gift-cards/Ode Spa Salon/775
OM BOOK SHOP,buyhatke,om-book-shop-gift-card,https://buyhatke.com/gift-cards/om-book-shop-gift-card
Peora Fashions,maximize,peora-fashions,https://www.maximize.money/gift-cards/Peora Fashions/876
Perfume2Order,buyhatke,perfume2order-gift-card,https://buyhatke.com/gift-cards/perfume2order-gift-card
PinePerksRupayPrime WH (4 Day Wait),buyhatke,pineperksrupayprime-wh-(4-day-wait)-gift-card,https://buyhatke.com/gift-cards/pineperksrupayprime-wh-(4-day-wait)-gift-card
Playo,buyhatke,playo-gift-card,https://buyhatke.com/gift-cards/playo-gift-card
Polaroid,buyhatke,polaroid-gift-card,https://buyhatke.com/gift-cards/polaroid-gift-card
Porter,maximize,porter,https://www.maximize.money/gift-cards/Porter/1042
Porter Packers and Movers,gyftr,porter,https://www.gyftr.com/porter
Pottery Barn- Luxe Gift Card,gyftr,pottery-barn--luxe-gift-card,https://www.gyftr.com/pottery-barn--luxe-gift-card
Pronto,gyftr,pronto,https://www.gyftr.com/pronto
Pronto,buyhatke,pronto-gift-card,https://buyhatke.com/gift-cards/pronto-gift-card
PVR,buyhatke,pvr-gift-card,https://buyhatke.com/gift-cards/pvr-gift-card
PVR Cinemas,buyhatke,pvr-cinemas-gift-card,https://buyhatke.com/gift-cards/pvr-cinemas-gift-card
PVR Cinemas - GYFTR,maximize,pvr-cinemas-gyftr,https://www.maximize.money/gift-cards/PVR Cinemas - GYFTR/1125
PVR Inox Cinemas,maximize,pvr,https://www.maximize.money/gift-cards/PVR/553
Quick Heal,gyftr,quick-heal,https://www.gyftr.com/quick-heal
R B,buyhatke,r-b-gift-card,https://buyhatke.com/gift-cards/r-b-gift-card
R S BROTHERS,buyhatke,r-s-brothers-gift-card,https://buyhatke.com/gift-cards/r-s-brothers-gift-card
Rangriti,maximize,rangriti,https://www.maximize.money/gift-cards/Rangriti/326
Rangriti,buyhatke,rangriti-gift-card,https://buyhatke.com/gift-cards/rangriti-gift-card
Reliance Jio Mart,maximize,reliance-jio-mart,https://www.maximize.money/gift-cards/Reliance Jio Mart/224
Reliance Smart,buyhatke,reliance-smart-gift-card,https://buyhatke.com/gift-cards/reliance-smart-gift-card
Satya Paul Luxe,buyhatke,satya-paul-luxe-gift-card,https://buyhatke.com/gift-cards/satya-paul-luxe-gift-card
Seniority,gyftr,seniority,https://www.gyftr.com/seniority
SHEAFFER,buyhatke,sheaffer-gift-card,https://buyhatke.com/gift-cards/sheaffer-gift-card
Shell Fuel 1 Day Wait,buyhatke,shell-fuel-(1-day-wait)-gift-card,https://buyhatke.com/gift-cards/shell-fuel-(1-day-wait)-gift-card
Shoppers Stop,maximize,shoppers-stop,https://www.maximize.money/gift-cards/Shoppers Stop/777
Shoppers Stop,buyhatke,shoppers-stop-gift-card,https://buyhatke.com/gift-cards/shoppers-stop-gift-card
Smile Foundation,gyftr,smile-foundation,https://www.gyftr.com/smile-foundation
Soch,gyftr,soch-apparels,https://www.gyftr.com/soch-apparels
SOUTH SHOPPING MALL,buyhatke,south-shopping-mall-gift-card,https://buyhatke.com/gift-cards/south-shopping-mall-gift-card
Steam,buyhatke,steam-gift-card,https://buyhatke.com/gift-cards/steam-gift-card
Steam Lysto,buyhatke,steam-lysto-gift-card,https://buyhatke.com/gift-cards/steam-lysto-gift-card
Steam Wallet INR 150,maximize,steam-wallet-inr-150,https://www.maximize.money/gift-cards/Steam Wallet INR 150/861
Steam Wallet INR 1680,maximize,steam-wallet-inr-1680,https://www.maximize.money/gift-cards/Steam Wallet INR 1680/1128
Steam Wallet INR 500,maximize,steam-wallet-inr-500,https://www.maximize.money/gift-cards/Steam Wallet INR 500/863
Steam Wallet INR 975,maximize,steam-wallet-inr-975,https://www.maximize.money/gift-cards/Steam Wallet INR 975/1127
Street Foods By Punjab Grill,buyhatke,street-foods-by-punjab-grill-gift-card,https://buyhatke.com/gift-cards/street-foods-by-punjab-grill-gift-card
Superdry Luxe,buyhatke,superdry-luxe-gift-card,https://buyhatke.com/gift-cards/superdry-luxe-gift-card
Swiggy Food Discount Voucher,gyftr,swiggy-food-discount-voucher,https://www.gyftr.com/swiggy-food-discount-voucher
Swiggy Instamart,gyftr,swiggy-instamart,https://www.gyftr.com/swiggy-instamart
Swiggy Instamart,buyhatke,swiggy-instamart-gift-card,https://buyhatke.com/gift-cards/swiggy-instamart-gift-card
Swiggy One,buyhatke,swiggy-one-gift-card,https://buyhatke.com/gift-cards/swiggy-one-gift-card
Swiggy One Lite Membership,gyftr,swiggy-one-lite-membership,https://www.gyftr.com/swiggy-one-lite-membership
TA iServeU Gift Card - Generic (Upto 2000),maximize,ta-iserveu-gift-card-generic-upto-2000,https://www.maximize.money/gift-cards/TA iServeU Gift Card - Generic (Upto 2000)/1131
TA iServeU Gift Card - Generic Variant,maximize,ta-iserveu-gift-card-generic-variant,https://www.maximize.money/gift-cards/TA iServeU Gift Card - Generic Variant/940
TA iServeU Gift Card - Limited (Upto 2000),maximize,ta-iserveu-gift-card-limited-upto-2000,https://www.maximize.money/gift-cards/TA iServeU Gift Card - Limited (Upto 2000)/1132
TA iServeU Gift Card - Limited Variant,maximize,ta-iserveu-gift-card-limited-variant,https://www.maximize.money/gift-cards/TA iServeU Gift Card - Limited Variant/967
TA iServeU Gift Card - Max Variant,maximize,ta-iserveu-gift-card-max-variant,https://www.maximize.money/gift-cards/TA iServeU Gift Card - Max Variant/1086
TA iServeU Gift Card - Max Variant (Upto 1000),maximize,ta-iserveu-gift-card-max-variant-upto-1000,https://www.maximize.money/gift-cards/TA iServeU Gift Card - Max Variant (Upto 1000)/1130
Taj Dining,buyhatke,taj-dining-gift-card,https://buyhatke.com/gift-cards/taj-dining-gift-card
Taj Experiences,buyhatke,taj-experiences-gift-card,https://buyhatke.com/gift-cards/taj-experiences-gift-card
Taj Spa,buyhatke,taj-spa-gift-card,https://buyhatke.com/gift-cards/taj-spa-gift-card
Taneira,buyhatke,taneira-gift-card,https://buyhatke.com/gift-cards/taneira-gift-card
Tasva,buyhatke,tasva-gift-card,https://buyhatke.com/gift-cards/tasva-gift-card
TATA CLiQ Fashion,maximize,tata-cliq-fashion,https://www.maximize.money/gift-cards/TATA CLiQ Fashion/417
Tata CliQ Luxury,maximize,tata-cliq-luxury,https://www.maximize.money/gift-cards/Tata CliQ Luxury/418
Thalaiva Biryani,buyhatke,thalaiva-biryani-gift-card,https://buyhatke.com/gift-cards/thalaiva-biryani-gift-card
The Biryani Life,buyhatke,the-biryani-life-gift-card,https://buyhatke.com/gift-cards/the-biryani-life-gift-card
Thinsane Pizza,buyhatke,thinsane-pizza-gift-card,https://buyhatke.com/gift-cards/thinsane-pizza-gift-card
Timezone,buyhatke,timezone-gift-card,https://buyhatke.com/gift-cards/timezone-gift-card
Tira Beauty,maximize,tira-beauty,https://www.maximize.money/gift-cards/Tira Beauty/1119
Tira Beauty,buyhatke,tira-beauty-gift-card,https://buyhatke.com/gift-cards/tira-beauty-gift-card
Titan Eye Plus,buyhatke,titan-eye-plus-gift-card,https://buyhatke.com/gift-cards/titan-eye-plus-gift-card
Toni & Guy - Luzo Gift Card,gyftr,toni-and-guy-luzo-gift-card,https://www.gyftr.com/toni-and-guy-luzo-gift-card
Unipin,maximize,unipin,https://www.maximize.money/gift-cards/Unipin/1104
Urban Space,maximize,urban-space,https://www.maximize.money/gift-cards/Urban Space/751
Urban Space,buyhatke,urban-space-gift-card,https://buyhatke.com/gift-cards/urban-space-gift-card
Valorant,maximize,valorant,https://www.maximize.money/gift-cards/Valorant/953
Victorias Secret,buyhatke,victorias-secret-gift-card,https://buyhatke.com/gift-cards/victorias-secret-gift-card
Water Bill Payment,gyftr,water-bill-payment,https://www.gyftr.com/water-bill-payment
Wendy's,gyftr,wendy's,https://www.gyftr.com/wendy's
Wrangler,buyhatke,wrangler-gift-card,https://buyhatke.com/gift-cards/wrangler-gift-card
YouMee,buyhatke,youmee-gift-card,https://buyhatke.com/gift-cards/youmee-gift-card
Zambar,buyhatke,zambar-gift-card,https://buyhatke.com/gift-cards/zambar-gift-card
Zomato,maximize,zomato,https://www.maximize.money/gift-cards/Zomato/36
Zomato Gift Card,gyftr,zomato-gift-card,https://www.gyftr.com/zomato-gift-card
ZONE HYPERMARKET,buyhatke,zone-hypermarket-gift-card,https://buyhatke.com/gift-cards/zone-hypermarket-gift-card
Zoom Car,buyhatke,zoom-car-gift-card,https://buyhatke.com/gift-cards/zoom-car-gift-card
Zouk,buyhatke,zouk-gift-card,https://buyhatke.com/gift-cards/zouk-gift-card
