confidence,brand,domain,source,other_candidates,slug,seller_page
high,109F,109f.com,buyhatke,,109f-gift-card,https://buyhatke.com/gift-cards/109f-gift-card
high,Air India,airindia.com,gyftr,,air-india,https://www.gyftr.com/air-india
high,Airtel Xstream,airtelxstream.in,gyftr,,airtel-xstream,https://www.gyftr.com/airtel-xstream
high,AJIO,ajio.com,gyftr,,ajio,https://www.gyftr.com/ajio
high,Amazon,amazon.in,gyftr,gftr.it,amazon,https://www.gyftr.com/amazon
high,Anita Dongre,anitadongre.com,buyhatke,,anita-dongre-gift-card,https://buyhatke.com/gift-cards/anita-dongre-gift-card
high,APOLLO DIAGNOSTICS,apollodiagnostics.in,gyftr,apollo247.com,apollo-diagnostics,https://www.gyftr.com/apollo-diagnostics
high,AZA Fashions,azafashions.com,buyhatke,,aza-fashions-gift-card,https://buyhatke.com/gift-cards/aza-fashions-gift-card
high,Bakingo,bakingo.com,gyftr,,bakingo,https://www.gyftr.com/bakingo
high,Bakingo,bakingo.com,buyhatke,,bakingo-gift-card,https://buyhatke.com/gift-cards/bakingo-gift-card
high,Beyoung,beyoung.in,gyftr,,beyoung,https://www.gyftr.com/beyoung
high,Beyoung,beyoung.in,maximize,brandpts.com,beyoung,https://www.maximize.money/gift-cards/Beyoung/498
high,Beyoung,beyoung.in,buyhatke,,beyoung-gift-card,https://buyhatke.com/gift-cards/beyoung-gift-card
high,BIBA,biba.in,gyftr,,biba,https://www.gyftr.com/biba
high,BIBA,biba.in,buyhatke,,biba-gift-card,https://buyhatke.com/gift-cards/biba-gift-card
high,BigBasket,bigbasket.com,gyftr,,bigbasket,https://www.gyftr.com/bigbasket
high,Bigbasket,bigbasket.com,maximize,,bigbasket,https://www.maximize.money/gift-cards/Bigbasket/1079
high,Bigbasket,bigbasket.com,buyhatke,,bigbasket-gift-card,https://buyhatke.com/gift-cards/bigbasket-gift-card
high,Birkenstock,birkenstock.in,maximize,birkenstock.com,birkenstock,https://www.maximize.money/gift-cards/Birkenstock/369
high,Birkenstock,birkenstock.in,buyhatke,,birkenstock-gift-card,https://buyhatke.com/gift-cards/birkenstock-gift-card
high,Blissclub,blissclub.com,gyftr,brandpts.com,blissclub,https://www.gyftr.com/blissclub
high,Blissclub,blissclub.com,maximize,,blissclub,https://www.maximize.money/gift-cards/Blissclub/712
high,Blissclub,blissclub.com,buyhatke,,blissclub-gift-card,https://buyhatke.com/gift-cards/blissclub-gift-card
high,Blue Tokai Coffee,bluetokaicoffee.com,buyhatke,cdn.razorpay.com | razorpay.com,blue-tokai-coffee-gift-card,https://buyhatke.com/gift-cards/blue-tokai-coffee-gift-card
high,Bluestone,bluestone.com,buyhatke,,bluestone-gift-card,https://buyhatke.com/gift-cards/bluestone-gift-card
high,Boditive,boditive.com,buyhatke,,boditive-gift-card,https://buyhatke.com/gift-cards/boditive-gift-card
high,BookMyShow,bookmyshow.com,maximize,,bookmyshow,https://www.maximize.money/gift-cards/BookMyShow/375
high,BrainGymJr,braingymjr.com,gyftr,,braingymjr,https://www.gyftr.com/braingymjr
high,BrainGymJr,braingymjr.com,buyhatke,,braingymjr-gift-card,https://buyhatke.com/gift-cards/braingymjr-gift-card
high,BuyWithEMI,buywithemi.com,maximize,nbuywithemi.com,buywithemi,https://www.maximize.money/gift-cards/BuyWithEMI/830
high,BuyWithEMI,buywithemi.com,buyhatke,,buywithemi-gift-card,https://buyhatke.com/gift-cards/buywithemi-gift-card
high,CAHOOT,cahoot.in,gyftr,campussutra.com,cahoot,https://www.gyftr.com/cahoot
high,Campus Sutra,campussutra.com,buyhatke,,campus-sutra-gift-card,https://buyhatke.com/gift-cards/campus-sutra-gift-card
high,CaratLane,caratlane.com,buyhatke,,caratlane-gift-card,https://buyhatke.com/gift-cards/caratlane-gift-card
high,CGH Earth,cghearth.com,maximize,,cgh-earth,https://www.maximize.money/gift-cards/CGH Earth/894
high,CGH Earth,cghearth.com,buyhatke,,cgh-earth-gift-card,https://buyhatke.com/gift-cards/cgh-earth-gift-card
high,Chicco,chicco.in,buyhatke,,chicco-gift-card,https://buyhatke.com/gift-cards/chicco-gift-card
high,Citizen Watches,citizenwatches.store,gyftr,citizenwatches.co.in,citizen-watches,https://www.gyftr.com/citizen-watches
high,Citizen Watches,citizenwatches.co.in,buyhatke,,citizen-watches-gift-card,https://buyhatke.com/gift-cards/citizen-watches-gift-card
high,CLAYCO,clayco.in,gyftr,,clayco,https://www.gyftr.com/clayco
high,CLAYCO,clayco.in,buyhatke,,clayco-gift-card,https://buyhatke.com/gift-cards/clayco-gift-card
high,Cleartax,cleartax.in,gyftr,clear.in | clr.tax,cleartax,https://www.gyftr.com/cleartax
high,Cleartax,cleartax.in,maximize,,cleartax,https://www.maximize.money/gift-cards/Cleartax/302
high,Cleartax,cleartax.in,buyhatke,,cleartax-gift-card,https://buyhatke.com/gift-cards/cleartax-gift-card
high,Cleartrip,cleartrip.com,gyftr,n13.in | n15.in,cleartrip-generic,https://www.gyftr.com/cleartrip-generic
high,Cleartrip,cleartrip.com,maximize,cleartripgcbal.qwikcilver.com | qwikcilver.com,cleartrip,https://www.maximize.money/gift-cards/Cleartrip/377
high,Cloud tailor,cloudtailor.in,buyhatke,,cloud-tailor-gift-card,https://buyhatke.com/gift-cards/cloud-tailor-gift-card
high,Clovia,clovia.com,gyftr,,clovia,https://www.gyftr.com/clovia
high,Clovia,clovia.com,buyhatke,,clovia-gift-card,https://buyhatke.com/gift-cards/clovia-gift-card
high,Cordelia Cruises,cordeliacruises.com,maximize,,cordelia-cruises,https://www.maximize.money/gift-cards/Cordelia Cruises/1055
high,Corseca,corseca.in,buyhatke,,corseca-gift-card,https://buyhatke.com/gift-cards/corseca-gift-card
high,Cosmus,cosmus.in,buyhatke,,cosmus-gift-card,https://buyhatke.com/gift-cards/cosmus-gift-card
high,Croma,croma.com,gyftr,,croma,https://www.gyftr.com/croma
high,Croma,croma.com,maximize,,croma,https://www.maximize.money/gift-cards/Croma/873
high,Croma,croma.com,buyhatke,,croma-gift-card,https://buyhatke.com/gift-cards/croma-gift-card
high,Crossword,crossword.in,gyftr,,crossword,https://www.gyftr.com/crossword
high,Crossword,crossword.in,maximize,,crossword,https://www.maximize.money/gift-cards/Crossword/770
high,Crossword,crossword.in,buyhatke,,crossword-gift-card,https://buyhatke.com/gift-cards/crossword-gift-card
high,Daily Objects,dailyobjects.com,gyftr,,daily-objects,https://www.gyftr.com/daily-objects
high,Daily Objects,dailyobjects.com,buyhatke,,daily-objects-gift-card,https://buyhatke.com/gift-cards/daily-objects-gift-card
high,Decathlon,decathlon.in,gyftr,,decathlon,https://www.gyftr.com/decathlon
high,Discord,discord.com,gyftr,,discord,https://www.gyftr.com/discord
high,Discovery Plus,discoveryplus.in,gyftr,,discovery-plus,https://www.gyftr.com/discovery-plus
high,Discovery Plus,discoveryplus.in,maximize,,discovery-plus,https://www.maximize.money/gift-cards/Discovery Plus/509
high,Discovery Plus,discoveryplus.in,buyhatke,,discovery-plus-gift-card,https://buyhatke.com/gift-cards/discovery-plus-gift-card
high,District,district.in,maximize,qwikcilver.com | zomato.com,district,https://www.maximize.money/gift-cards/District/956
high,District,district.in,buyhatke,,district-gift-card,https://buyhatke.com/gift-cards/district-gift-card
high,DocuBay,docubay.com,gyftr,,docubay,https://www.gyftr.com/docubay
high,Docubay,docubay.com,buyhatke,,docubay-gift-card,https://buyhatke.com/gift-cards/docubay-gift-card
high,Donatekart,donatekart.com,maximize,ndonatekart.com,donatekart,https://www.maximize.money/gift-cards/Donatekart/381
high,Donatekart,donatekart.com,buyhatke,ndonatekart.com,donatekart-gift-card,https://buyhatke.com/gift-cards/donatekart-gift-card
high,DPauls,dpauls.com,maximize,,dpauls,https://www.maximize.money/gift-cards/DPauls/812
high,Dpauls,dpauls.com,buyhatke,,dpauls-gift-card,https://buyhatke.com/gift-cards/dpauls-gift-card
high,EaseMyTrip,easemytrip.com,maximize,easemytrip.in,easemytrip,https://www.maximize.money/gift-cards/EaseMyTrip/384
high,EaseMyTrip,easemytrip.com,buyhatke,,easemytrip-gift-card,https://buyhatke.com/gift-cards/easemytrip-gift-card
high,EatSure,eatsure.com,gyftr,,eatsure,https://www.gyftr.com/eatsure
high,EatSure,eatsure.com,maximize,,eatsure,https://www.maximize.money/gift-cards/EatSure/616
high,EatSure,eatsure.com,buyhatke,,eatsure-gift-card,https://buyhatke.com/gift-cards/eatsure-gift-card
high,EazyDiner,eazydiner.com,gyftr,,eazydiner,https://www.gyftr.com/eazydiner
high,Elivaas,elivaas.com,gyftr,,elivaas,https://www.gyftr.com/elivaas
high,Elivaas,elivaas.com,maximize,,elivaas,https://www.maximize.money/gift-cards/Elivaas/1035
high,Elver,elver.in,maximize,,elver,https://www.maximize.money/gift-cards/Elver/513
high,Elver,elver.in,buyhatke,,elver-gift-card,https://buyhatke.com/gift-cards/elver-gift-card
high,Estele,estele.co,gyftr,,estele,https://www.gyftr.com/estele
high,Estele,estele.co,maximize,,estele,https://www.maximize.money/gift-cards/Estele/514
high,Estele,estele.co,buyhatke,,estele-gift-card,https://buyhatke.com/gift-cards/estele-gift-card
high,Euphoria Jewellery,euphoriajewellery.in,buyhatke,,euphoria-jewellery-gift-card,https://buyhatke.com/gift-cards/euphoria-jewellery-gift-card
high,ExitLag,exitlag.com,gyftr,,exitlag,https://www.gyftr.com/exitlag
high,Fab Hotels,fabhotels.com,gyftr,,fab-hotels,https://www.gyftr.com/fab-hotels
high,Fab Hotels,fabhotels.com,buyhatke,,fab-hotels-gift-card,https://buyhatke.com/gift-cards/fab-hotels-gift-card
high,Femmella,femmella.com,gyftr,,femmella,https://www.gyftr.com/femmella
high,Femmella,femmella.com,maximize,,femmella,https://www.maximize.money/gift-cards/Femmella/718
high,Femmella,femmella.com,buyhatke,,femmella-gift-card,https://buyhatke.com/gift-cards/femmella-gift-card
high,Finusmart,finusmart.com,buyhatke,,finusmart-gift-card,https://buyhatke.com/gift-cards/finusmart-gift-card
high,First Cry,firstcry.com,buyhatke,,first-cry-gift-card,https://buyhatke.com/gift-cards/first-cry-gift-card
high,FirstCry,firstcry.com,gyftr,,firstcry,https://www.gyftr.com/firstcry
high,FirstCry,firstcry.com,maximize,,firstcry,https://www.maximize.money/gift-cards/FirstCry/350
high,Flipkart,flipkart.com,gyftr,,flipkart,https://www.gyftr.com/flipkart
high,FlixBus,flixbus.in,buyhatke,,flixbus-gift-card,https://buyhatke.com/gift-cards/flixbus-gift-card
high,Flower Aura,floweraura.com,gyftr,,flower-aura,https://www.gyftr.com/flower-aura
high,Flower Aura,floweraura.com,maximize,,flower-aura,https://www.maximize.money/gift-cards/Flower Aura/516
high,Flower Aura,floweraura.com,buyhatke,,flower-aura-gift-card,https://buyhatke.com/gift-cards/flower-aura-gift-card
high,Forever New,forevernew.co.in,maximize,,forever-new,https://www.maximize.money/gift-cards/Forever New/351
high,Forever New,forevernew.co.in,buyhatke,,forever-new-gift-card,https://buyhatke.com/gift-cards/forever-new-gift-card
high,Foxtale,foxtale.in,gyftr,,foxtale,https://www.gyftr.com/foxtale
high,Foxtale,foxtale.in,maximize,,foxtale,https://www.maximize.money/gift-cards/Foxtale/255
high,Foxtale,foxtale.in,buyhatke,,foxtale-gift-card,https://buyhatke.com/gift-cards/foxtale-gift-card
high,Freecultr,freecultr.com,gyftr,,freecultr,https://www.gyftr.com/freecultr
high,Gaana,gaana.com,gyftr,,gaanaplus,https://www.gyftr.com/gaanaplus
high,Gaana,gaana.com,buyhatke,,gaana-gift-card,https://buyhatke.com/gift-cards/gaana-gift-card
high,Global Desi,globaldesi.in,buyhatke,andindia.com,global-desi-gift-card,https://buyhatke.com/gift-cards/global-desi-gift-card
high,GoBaby Travel,gobabytravel.com,buyhatke,,gobaby-travel-gift-card,https://buyhatke.com/gift-cards/gobaby-travel-gift-card
high,Goibibo,goibibo.com,buyhatke,,goibibo-gift-card,https://buyhatke.com/gift-cards/goibibo-gift-card
high,Headout,headout.com,maximize,,headout,https://www.maximize.money/gift-cards/Headout/1030
high,Healthians,healthians.com,gyftr,,healthians,https://www.gyftr.com/healthians
high,Healthians,healthians.com,buyhatke,,healthians-gift-card,https://buyhatke.com/gift-cards/healthians-gift-card
high,HealthKart,healthkart.com,gyftr,,healthkart,https://www.gyftr.com/healthkart
high,HealthKart,healthkart.com,maximize,,healthkart,https://www.maximize.money/gift-cards/HealthKart/524
high,HealthKart,healthkart.com,buyhatke,,healthkart-gift-card,https://buyhatke.com/gift-cards/healthkart-gift-card
high,Hidesign,hidesign.com,gyftr,,hidesign,https://www.gyftr.com/hidesign
high,Hidesign,hidesign.com,buyhatke,,hidesign-gift-card,https://buyhatke.com/gift-cards/hidesign-gift-card
high,Hoichoi,hoichoi.tv,gyftr,,hoichoi,https://www.gyftr.com/hoichoi
high,Hoichoi,hoichoi.tv,buyhatke,,hoichoi-gift-card,https://buyhatke.com/gift-cards/hoichoi-gift-card
high,Hopscotch,hopscotch.in,maximize,,hopscotch,https://www.maximize.money/gift-cards/Hopscotch/1076
high,Hyperice,hyperice.in,gyftr,,hyperice,https://www.gyftr.com/hyperice
high,IGP,igp.com,gyftr,,igp,https://www.gyftr.com/igp
high,IGP,igp.com,buyhatke,,igp-gift-card,https://buyhatke.com/gift-cards/igp-gift-card
high,Ikea,ikea.in,gyftr,ikea.com,ikea,https://www.gyftr.com/ikea
high,Ikea,ikea.com,buyhatke,,ikea-gift-card,https://buyhatke.com/gift-cards/ikea-gift-card
high,Innovist,innovist.com,buyhatke,,innovist-gift-card,https://buyhatke.com/gift-cards/innovist-gift-card
high,Instafab Plus,instafabplus.com,gyftr,,instafab-plus,https://www.gyftr.com/instafab-plus
high,Instafab Plus,instafabplus.com,buyhatke,,instafab-plus-gift-card,https://buyhatke.com/gift-cards/instafab-plus-gift-card
high,INTERMILES,intermiles.com,gyftr,,intermiles,https://www.gyftr.com/intermiles
high,IRCTC,irctc.co.in,gyftr,,gv-irctc,https://www.gyftr.com/gv-irctc
high,Ixigo,ixigo.com,gyftr,,ixigo,https://www.gyftr.com/ixigo
high,Ixigo,ixigo.com,buyhatke,,ixigo-gift-card,https://buyhatke.com/gift-cards/ixigo-gift-card
high,JioHotstar,jiohotstar.com,gyftr,hotstar.com,jio-hotstar,https://www.gyftr.com/jio-hotstar
high,JioHotstar,jiohotstar.com,maximize,hotstar.com,jiohotstar,https://www.maximize.money/gift-cards/JioHotstar/303
high,JioHotstar,jiohotstar.com,buyhatke,hotstar.com,jiohotstar-gift-card,https://buyhatke.com/gift-cards/jiohotstar-gift-card
high,Jockey,jockey.in,gyftr,jockeyindia.com,jockey,https://www.gyftr.com/jockey
high,Jockey,jockey.in,buyhatke,jockeyindia.com,jockey-gift-card,https://buyhatke.com/gift-cards/jockey-gift-card
high,Just Lil Things,justlilthings.in,maximize,,just-lil-things,https://www.maximize.money/gift-cards/Just Lil Things/1094
high,Just Lil Things,justlilthings.in,buyhatke,,just-lil-things-gift-card,https://buyhatke.com/gift-cards/just-lil-things-gift-card
high,Kama Ayurveda,kamaayurveda.in,gyftr,,kama-ayurveda,https://www.gyftr.com/kama-ayurveda
high,Kama Ayurveda,kamaayurveda.in,buyhatke,,kama-ayurveda-gift-card,https://buyhatke.com/gift-cards/kama-ayurveda-gift-card
high,KFC,kfc.co.in,gyftr,,kfc,https://www.gyftr.com/kfc
high,KFC,online.kfc.co.in,buyhatke,kfc.co.in,kfc-gift-card,https://buyhatke.com/gift-cards/kfc-gift-card
high,Kiehl s,kiehls.in,buyhatke,,kiehl-s-gift-card,https://buyhatke.com/gift-cards/kiehl-s-gift-card
high,Kimirica,kimirica.shop,gyftr,,kimirica,https://www.gyftr.com/kimirica
high,Kimirica,kimirica.shop,maximize,,kimirica,https://www.maximize.money/gift-cards/Kimirica/846
high,Kimirica,kimirica.shop,buyhatke,,kimirica-gift-card,https://buyhatke.com/gift-cards/kimirica-gift-card
high,Klook,klook.com,gyftr,,klook,https://www.gyftr.com/klook
high,Klook,klook.com,buyhatke,,klook-gift-card,https://buyhatke.com/gift-cards/klook-gift-card
high,Leaf Studios,leafstudios.in,buyhatke,,leaf-studios-gift-card,https://buyhatke.com/gift-cards/leaf-studios-gift-card
high,Lee,lee.in,buyhatke,aceturtle.com,lee-gift-card,https://buyhatke.com/gift-cards/lee-gift-card
high,Lego,lego.mybrickhouse.com,gyftr,mybrickhouse.com,lego,https://www.gyftr.com/lego
high,LENSKART,lenskart.com,gyftr,,lenskart,https://www.gyftr.com/lenskart
high,Libas,libas.in,gyftr,,libas,https://www.gyftr.com/libas
high,Lionsgate Play,lionsgateplay.com,gyftr,,lions-gate,https://www.gyftr.com/lions-gate
high,LIONSGATE PLAY,lionsgateplay.com,maximize,,lionsgate-play,https://www.maximize.money/gift-cards/LIONSGATE PLAY/881
high,LIONSGATE PLAY,lionsgateplay.com,buyhatke,,lionsgate-play-gift-card,https://buyhatke.com/gift-cards/lionsgate-play-gift-card
high,Live Hindustan,livehindustan.com,gyftr,hindustantimes.com | accounts.hindustantimes.com,live-hindustan,https://www.gyftr.com/live-hindustan
high,Live Hindustan,livehindustan.com,buyhatke,hindustantimes.com | accounts.hindustantimes.com,live-hindustan-gift-card,https://buyhatke.com/gift-cards/live-hindustan-gift-card
high,Live Mint,livemint.com,buyhatke,,live-mint-gift-card,https://buyhatke.com/gift-cards/live-mint-gift-card
high,LOCCITANE,loccitane.com,buyhatke,,loccitane-gift-card,https://buyhatke.com/gift-cards/loccitane-gift-card
high,MakeMyTrip,makemytrip.com,buyhatke,,makemytrip-gift-card,https://buyhatke.com/gift-cards/makemytrip-gift-card
high,Mamaearth,mamaearth.in,gyftr,,mamaearth,https://www.gyftr.com/mamaearth
high,Mamaearth,mamaearth.in,buyhatke,,mamaearth-gift-card,https://buyhatke.com/gift-cards/mamaearth-gift-card
high,Marks and Spencer,marksandspencer.in,buyhatke,,marks-and-spencer-gift-card,https://buyhatke.com/gift-cards/marks-and-spencer-gift-card
high,Matrix,matrix.in,gyftr,,matrix,https://www.gyftr.com/matrix
high,Max Fashion,maxfashion.com,buyhatke,,max-fashion-gift-card,https://buyhatke.com/gift-cards/max-fashion-gift-card
high,Me N Moms,menmoms.in,gyftr,,me-n-moms,https://www.gyftr.com/me-n-moms
high,Me N Moms,menmoms.in,maximize,,me-n-moms,https://www.maximize.money/gift-cards/Me N Moms/753
high,Mediwheel,mediwheel.in,gyftr,,mediwheel,https://www.gyftr.com/mediwheel
high,Mediwheel,mediwheel.in,buyhatke,,mediwheel-gift-card,https://buyhatke.com/gift-cards/mediwheel-gift-card
high,Milton,milton.in,buyhatke,,milton-gift-card,https://buyhatke.com/gift-cards/milton-gift-card
high,Minus30,minus30.co,gyftr,,minus30,https://www.gyftr.com/minus30
high,Minus30,minus30.co,maximize,,minus30,https://www.maximize.money/gift-cards/Minus30/1015
high,Mokobara,mokobara.com,maximize,,mokobara,https://www.maximize.money/gift-cards/Mokobara/622
high,Mokobara,mokobara.com,buyhatke,,mokobara-gift-card,https://buyhatke.com/gift-cards/mokobara-gift-card
high,Muscle Blaze,muscleblaze.com,maximize,,muscle-20blaze,https://www.maximize.money/gift-cards/Muscle%20Blaze/1126
high,MXPlayer,mxplayer.in,buyhatke,,mxplayer-gift-card,https://buyhatke.com/gift-cards/mxplayer-gift-card
high,Myntra,myntra.com,gyftr,,myntra,https://www.gyftr.com/myntra
high,Myntra,myntra.com,buyhatke,,myntra-gift-card,https://buyhatke.com/gift-cards/myntra-gift-card
high,Nat Habit,nathabit.in,gyftr,,nat-habit,https://www.gyftr.com/nat-habit
high,Nat Habit,nathabit.in,buyhatke,,nat-habit-gift-card,https://buyhatke.com/gift-cards/nat-habit-gift-card
high,Natures Basket,naturesbasket.co.in,buyhatke,,natures-basket-gift-card,https://buyhatke.com/gift-cards/natures-basket-gift-card
high,Neeman's,neemans.com,maximize,brandpts.com,neeman-s,https://www.maximize.money/gift-cards/Neeman's/790
high,Neemans,neemans.com,gyftr,,neemans,https://www.gyftr.com/neemans
high,Netmeds,netmeds.com,gyftr,,netmeds,https://www.gyftr.com/netmeds
high,Netmeds,netmeds.com,maximize,brandpts.com,netmeds,https://www.maximize.money/gift-cards/Netmeds/280
high,Netmeds,netmeds.com,buyhatke,,netmeds-gift-card,https://buyhatke.com/gift-cards/netmeds-gift-card
high,Nilkamal Homes,nilkamalhomes.com,maximize,at-home.co.in,nilkamal-homes,https://www.maximize.money/gift-cards/Nilkamal Homes/329
high,Nintendo,nintendo.com,buyhatke,ec.nintendo.com,nintendo-gift-card,https://buyhatke.com/gift-cards/nintendo-gift-card
high,Nua Woman,nuawoman.com,gyftr,,nua-woman,https://www.gyftr.com/nua-woman
high,Nykaa,nykaa.com,gyftr,nykaaman.com | nykaafashion.com,nykaa,https://www.gyftr.com/nykaa
high,Nykaa,nykaa.com,buyhatke,nykaaman.com | nykaafashion.com | u00a0nykaa.com,nykaa-gift-card,https://buyhatke.com/gift-cards/nykaa-gift-card
high,Nykaa Fashion,nykaafashion.com,maximize,nykaa.com | nykaaman.com,nykaa-fashion,https://www.maximize.money/gift-cards/Nykaa Fashion/340
high,Nykaa Fashion,nykaafashion.com,buyhatke,nykaa.com | nykaaman.com | pinelabs.com,nykaa-fashion-gift-card,https://buyhatke.com/gift-cards/nykaa-fashion-gift-card
high,Nykaa Man,nykaaman.com,gyftr,nykaa.com | nykaafashion.com,nykaa-man,https://www.gyftr.com/nykaa-man
high,Nykaa Man,nykaaman.com,buyhatke,nykaa.com | nykaafashion.com | qwikcilver.com,nykaa-man-gift-card,https://buyhatke.com/gift-cards/nykaa-man-gift-card
high,OLA CABS,olacabs.com,gyftr,,ola-cabs,https://www.gyftr.com/ola-cabs
high,Ola Cabs,olacabs.com,buyhatke,,ola-cabs-gift-card,https://buyhatke.com/gift-cards/ola-cabs-gift-card
high,Origin Nutrition,originnutrition.in,buyhatke,,origin-nutrition-gift-card,https://buyhatke.com/gift-cards/origin-nutrition-gift-card
high,Ornaz,ornaz.com,buyhatke,,ornaz-gift-card,https://buyhatke.com/gift-cards/ornaz-gift-card
high,OTTplay,ottplay.com,buyhatke,,ottplay-gift-card,https://buyhatke.com/gift-cards/ottplay-gift-card
high,Palmonas,palmonas.com,gyftr,,palmonas,https://www.gyftr.com/palmonas
high,Palmonas,palmonas.com,maximize,,palmonas,https://www.maximize.money/gift-cards/Palmonas/1014
high,Pepperfry,pepperfry.com,maximize,pinelabs.com,pepperfry,https://www.maximize.money/gift-cards/Pepperfry/443
high,Pepperfry,pepperfry.com,buyhatke,pinelabs.com,pepperfry-gift-card,https://buyhatke.com/gift-cards/pepperfry-gift-card
high,Philips,domesticappliances.philips.co.in,gyftr,philips.co.in,philips,https://www.gyftr.com/philips
high,Philips,domesticappliances.philips.co.in,buyhatke,philips.co.in,philips-gift-card,https://buyhatke.com/gift-cards/philips-gift-card
high,PhonePe,phonepe.com,buyhatke,,phonepe-gift-card,https://buyhatke.com/gift-cards/phonepe-gift-card
high,Photojaanic,photojaanic.com,buyhatke,,photojaanic-gift-card,https://buyhatke.com/gift-cards/photojaanic-gift-card
high,Pixel Go,pixelgo.com,maximize,,pixel-go,https://www.maximize.money/gift-cards/Pixel Go/664
high,Pixel Go,pixelgo.com,buyhatke,,pixel-go-gift-card,https://buyhatke.com/gift-cards/pixel-go-gift-card
high,Pizza Hut,pizzahut.co.in,gyftr,,pizza-hut,https://www.gyftr.com/pizza-hut
high,Pizza Hut,pizzahut.co.in,buyhatke,,pizza-hut-gift-card,https://buyhatke.com/gift-cards/pizza-hut-gift-card
high,Playstation,playstation.com,buyhatke,,playstation-gift-card,https://buyhatke.com/gift-cards/playstation-gift-card
high,Points for Good,pointsforgood.org,gyftr,pointsforpeople.org,points-for-good,https://www.gyftr.com/points-for-good
high,Points for Good,pointsforgood.org,maximize,,points-for-good,https://www.maximize.money/gift-cards/Points for Good/935
high,Points for Good,pointsforgood.org,buyhatke,,points-for-good-gift-card,https://buyhatke.com/gift-cards/points-for-good-gift-card
high,Prestige,prestige.com,gyftr,ttkprestige.com | shop.ttkprestige.com,prestige,https://www.gyftr.com/prestige
high,Prestige Smart Kitchen,prestigesmartkitchen.com,buyhatke,,prestige-smart-kitchen-gift-card,https://buyhatke.com/gift-cards/prestige-smart-kitchen-gift-card
high,Rangriti,rangriti.com,gyftr,,rangriti,https://www.gyftr.com/rangriti
high,Ray Ban,ray-ban.com,buyhatke,india.ray-ban.com,ray-ban-gift-card,https://buyhatke.com/gift-cards/ray-ban-gift-card
high,Renee Cosmetics,reneecosmetics.in,gyftr,,renee-cosmetics,https://www.gyftr.com/renee-cosmetics
high,Renee Cosmetics,reneecosmetics.in,buyhatke,,renee-cosmetics-gift-card,https://buyhatke.com/gift-cards/renee-cosmetics-gift-card
high,Rentomojo,rentomojo.com,buyhatke,,rentomojo-gift-card,https://buyhatke.com/gift-cards/rentomojo-gift-card
high,Roblox,roblox.com,gyftr,,roblox,https://www.gyftr.com/roblox
high,Roblox,roblox.com,maximize,,roblox,https://www.maximize.money/gift-cards/Roblox/795
high,Roblox,roblox.com,buyhatke,,roblox-gift-card,https://buyhatke.com/gift-cards/roblox-gift-card
high,Salty,salty.co.in,buyhatke,,salty-gift-card,https://buyhatke.com/gift-cards/salty-gift-card
high,Samsonite,samsonite.in,buyhatke,,samsonite-gift-card,https://buyhatke.com/gift-cards/samsonite-gift-card
high,ShemarooMe,shemaroome.com,gyftr,shemaroome.in,shemaroome,https://www.gyftr.com/shemaroome
high,ShemarooMe,shemaroome.com,buyhatke,,shemaroome-gift-card,https://buyhatke.com/gift-cards/shemaroome-gift-card
high,Shiv Naresh,shivnaresh.in,gyftr,,shiv-naresh,https://www.gyftr.com/shiv-naresh
high,Shiv Naresh,shivnaresh.in,buyhatke,,shiv-naresh-gift-card,https://buyhatke.com/gift-cards/shiv-naresh-gift-card
high,Shiva Organic,shivaorganic.com,gyftr,,shiva-organic,https://www.gyftr.com/shiva-organic
high,Shiva Organic,shivaorganic.com,buyhatke,,shiva-organic-gift-card,https://buyhatke.com/gift-cards/shiva-organic-gift-card
high,Shoppers Stop,shoppersstop.com,gyftr,,shoppers-stop,https://www.gyftr.com/shoppers-stop
high,Shopy Vision,shopyvision.com,gyftr,,shopy-vision,https://www.gyftr.com/shopy-vision
high,Shopy Vision,shopyvision.com,buyhatke,,shopy-vision-gift-card,https://buyhatke.com/gift-cards/shopy-vision-gift-card
high,Skechers,skechers.in,gyftr,,skechers,https://www.gyftr.com/skechers
high,Skechers,skechers.in,maximize,,skechers,https://www.maximize.money/gift-cards/Skechers/288
high,Skechers,skechers.in,buyhatke,,skechers-gift-card,https://buyhatke.com/gift-cards/skechers-gift-card
high,Skullcandy,skullcandy.in,maximize,shop.brandeyes.in | brandeyes.in,skullcandy,https://www.maximize.money/gift-cards/Skullcandy/289
high,Skullcandy,skullcandy.in,buyhatke,shop.brandeyes.in | brandeyes.in,skullcandy-gift-card,https://buyhatke.com/gift-cards/skullcandy-gift-card
high,Snitch,snitch.com,gyftr,,snitch,https://www.gyftr.com/snitch
high,Soch,soch.com,buyhatke,,soch-gift-card,https://buyhatke.com/gift-cards/soch-gift-card
high,Solara,solara.in,gyftr,,solara,https://www.gyftr.com/solara
high,SonyLiv,sonyliv.com,gyftr,,sonyliv,https://www.gyftr.com/sonyliv
high,SonyLiv,sonyliv.com,buyhatke,sonyliv.comorsubscription,sonyliv-gift-card,https://buyhatke.com/gift-cards/sonyliv-gift-card
high,Soulflower,soulflower.in,gyftr,,soulflower,https://www.gyftr.com/soulflower
high,Soulflower,soulflower.in,maximize,,soulflower,https://www.maximize.money/gift-cards/Soulflower/1003
high,Soulflower,soulflower.in,buyhatke,,soulflower-gift-card,https://buyhatke.com/gift-cards/soulflower-gift-card
high,Speedo,speedo.com,gyftr,,speedo,https://www.gyftr.com/speedo
high,Speedo,speedo.in,maximize,amazon.com | flipkart.com,speedo,https://www.maximize.money/gift-cards/Speedo/926
high,Speedo,speedo.in,buyhatke,,speedo-gift-card,https://buyhatke.com/gift-cards/speedo-gift-card
high,SpiceJet,spicejet.com,buyhatke,,spicejet-gift-card,https://buyhatke.com/gift-cards/spicejet-gift-card
high,Spotify,spotify.com,gyftr,,spotify,https://www.gyftr.com/spotify
high,SSUNSU,ssunsu.in,gyftr,,ssunsu,https://www.gyftr.com/ssunsu
high,SSUNSU,ssunsu.in,maximize,,ssunsu,https://www.maximize.money/gift-cards/SSUNSU/807
high,SSUNSU,ssunsu.in,buyhatke,,ssunsu-gift-card,https://buyhatke.com/gift-cards/ssunsu-gift-card
high,Starbucks,starbucks.in,maximize,tatastarbucks.com,starbucks-321,https://www.maximize.money/gift-cards/Starbucks/321
high,StayVista,stayvista.com,maximize,,stayvista,https://www.maximize.money/gift-cards/StayVista/1007
high,StayVista,stayvista.com,buyhatke,,stayvista-gift-card,https://buyhatke.com/gift-cards/stayvista-gift-card
high,Sterling Holidays,sterlingholidays.com,maximize,,sterling-holidays,https://www.maximize.money/gift-cards/Sterling Holidays/929
high,Sterling Holidays,sterlingholidays.com,buyhatke,,sterling-holidays-gift-card,https://buyhatke.com/gift-cards/sterling-holidays-gift-card
high,Subway,subway.in,maximize,,subway-896,https://www.maximize.money/gift-cards/Subway/896
high,Superbottoms,superbottoms.com,gyftr,,superbottoms,https://www.gyftr.com/superbottoms
high,SuperBottoms,superbottoms.com,maximize,,superbottoms,https://www.maximize.money/gift-cards/SuperBottoms/890
high,SuperBottoms,superbottoms.com,buyhatke,,superbottoms-gift-card,https://buyhatke.com/gift-cards/superbottoms-gift-card
high,Surat Diamond,suratdiamond.com,maximize,,surat-diamond,https://www.maximize.money/gift-cards/Surat Diamond/689
high,Svenklas,svenklas.com,buyhatke,,svenklas-gift-card,https://buyhatke.com/gift-cards/svenklas-gift-card
high,SWISS BEAUTY,swissbeauty.in,gyftr,,swiss-beauty,https://www.gyftr.com/swiss-beauty
high,SWISS BEAUTY,swissbeauty.in,buyhatke,,swiss-beauty-gift-card,https://buyhatke.com/gift-cards/swiss-beauty-gift-card
high,Taj Hotels,tajhotels.com,buyhatke,,taj-hotels-gift-card,https://buyhatke.com/gift-cards/taj-hotels-gift-card
high,TATA CLiQ,tatacliq.com,gyftr,luxury.tatacliq.com,tata-cliq,https://www.gyftr.com/tata-cliq
high,Tattva Spa,tattvaspa.com,gyftr,,tattva-spa,https://www.gyftr.com/tattva-spa
high,Tattva Spa,tattvaspa.com,maximize,,tattva-spa,https://www.maximize.money/gift-cards/Tattva Spa/327
high,Tattva Spa,tattvaspa.com,buyhatke,,tattva-spa-gift-card,https://buyhatke.com/gift-cards/tattva-spa-gift-card
high,TEGO,tego.fit,gyftr,,tego,https://www.gyftr.com/tego
high,TEGO,tego.fit,maximize,,tego,https://www.maximize.money/gift-cards/TEGO/840
high,TEGO,tego.fit,buyhatke,,tego-gift-card,https://buyhatke.com/gift-cards/tego-gift-card
high,The Bear House,thebearhouse.com,maximize,,the-bear-house,https://www.maximize.money/gift-cards/The Bear House/875
high,The Body Shop,thebodyshop.in,gyftr,,the-body-shop,https://www.gyftr.com/the-body-shop
high,The Body Shop,thebodyshop.in,maximize,,the-body-shop,https://www.maximize.money/gift-cards/The Body Shop/292
high,The Body Shop,thebodyshop.in,buyhatke,,the-body-shop-gift-card,https://buyhatke.com/gift-cards/the-body-shop-gift-card
high,The Collective,thecollective.in,maximize,wwwthecollective.in,the-collective,https://www.maximize.money/gift-cards/The Collective/728
high,The Collective,thecollective.in,buyhatke,wwwthecollective.in,the-collective-gift-card,https://buyhatke.com/gift-cards/the-collective-gift-card
high,The Man Company,themancompany.com,gyftr,,the-man-company,https://www.gyftr.com/the-man-company
high,The Man Company,themancompany.com,maximize,,the-man-company,https://www.maximize.money/gift-cards/The Man Company/293
high,The Man Company,themancompany.com,buyhatke,,the-man-company-gift-card,https://buyhatke.com/gift-cards/the-man-company-gift-card
high,The Reading Habit,thereadinghabit.in,buyhatke,,the-reading-habit-gift-card,https://buyhatke.com/gift-cards/the-reading-habit-gift-card
high,Tinder,tinder.com,gyftr,gotinder.com,tinder,https://www.gyftr.com/tinder
high,Tinder,tinder.com,maximize,,tinder,https://www.maximize.money/gift-cards/Tinder/732
high,Tinder,tinder.com,buyhatke,,tinder-gift-card,https://buyhatke.com/gift-cards/tinder-gift-card
high,TripXOXO,tripxoxo.com,maximize,,tripxoxo,https://www.maximize.money/gift-cards/TripXOXO/828
high,tripXOXO,tripxoxo.com,buyhatke,,tripxoxo-gift-card,https://buyhatke.com/gift-cards/tripxoxo-gift-card
high,Troll Beads,trollbeads.in,gyftr,,troll-beads,https://www.gyftr.com/troll-beads
high,Typsy Beauty,typsybeauty.com,gyftr,,typsy-beauty,https://www.gyftr.com/typsy-beauty
high,Typsy Beauty,typsybeauty.com,buyhatke,,typsy-beauty-gift-card,https://buyhatke.com/gift-cards/typsy-beauty-gift-card
high,Tzaro,tzaro.com,buyhatke,,tzaro-gift-card,https://buyhatke.com/gift-cards/tzaro-gift-card
high,UBER,uber.com,gyftr,n14.in,uber,https://www.gyftr.com/uber
high,Uber,uber.com,buyhatke,qwikcilver.com,uber-gift-card,https://buyhatke.com/gift-cards/uber-gift-card
high,UniPin,unipin.com,gyftr,,unipin,https://www.gyftr.com/unipin
high,UniPin,unipin.com,buyhatke,,unipin-gift-card,https://buyhatke.com/gift-cards/unipin-gift-card
high,Urban Ladder,urbanladder.com,maximize,urbanlader.com,urban-ladder,https://www.maximize.money/gift-cards/Urban Ladder/721
high,Vaya,vaya.in,buyhatke,,vaya-gift-card,https://buyhatke.com/gift-cards/vaya-gift-card
high,Vinci Botanicals,vincibotanicals.com,buyhatke,,vinci-botanicals-gift-card,https://buyhatke.com/gift-cards/vinci-botanicals-gift-card
high,Vinzberry,vinzberry.com,gyftr,,vinzberry,https://www.gyftr.com/vinzberry
high,Vitamin Haat,vitaminhaat.com,buyhatke,,vitamin-haat-gift-card,https://buyhatke.com/gift-cards/vitamin-haat-gift-card
high,VROTT,vrott.tv,gyftr,,vrott,https://www.gyftr.com/vrott
high,VROTT,vrott.tv,maximize,,vrott,https://www.maximize.money/gift-cards/VROTT/702
high,VROTT,vrott.tv,buyhatke,,vrott-gift-card,https://buyhatke.com/gift-cards/vrott-gift-card
high,Wakefit,wakefit.co,maximize,amazon.in | flipkart.com,wakefit,https://www.maximize.money/gift-cards/Wakefit/352
high,Wakefit,wakefit.co,buyhatke,amazon.in | flipkart.com,wakefit-gift-card,https://buyhatke.com/gift-cards/wakefit-gift-card
high,Wellbeing Nutrition,wellbeingnutrition.com,gyftr,,wellbeing-nutrition,https://www.gyftr.com/wellbeing-nutrition
high,Wellbeing Nutrition,wellbeingnutrition.com,maximize,,wellbeing-nutrition,https://www.maximize.money/gift-cards/Wellbeing Nutrition/965
high,Wellbeing Nutrition,wellbeingnutrition.com,buyhatke,,wellbeing-nutrition-gift-card,https://buyhatke.com/gift-cards/wellbeing-nutrition-gift-card
high,What's Up Wellness,whatsupwellness.in,gyftr,,whats-up-wellness,https://www.gyftr.com/whats-up-wellness
high,Woggles,woggles.in,buyhatke,,woggles-gift-card,https://buyhatke.com/gift-cards/woggles-gift-card
high,Wonderchef,wonderchef.com,maximize,,wonderchef-471,https://www.maximize.money/gift-cards/Wonderchef/471
high,Wonderchef,wonderchef.com,buyhatke,,wonderchef-gift-card,https://buyhatke.com/gift-cards/wonderchef-gift-card
high,Yalla Ludo,yallaludo.com,gyftr,,yalla-ludo,https://www.gyftr.com/yalla-ludo
high,Yalla Ludo,yallaludo.com,maximize,,yalla-ludo,https://www.maximize.money/gift-cards/Yalla Ludo/1122
high,Yatra,yatra.com,maximize,,yatra-470,https://www.maximize.money/gift-cards/Yatra/470
high,Yatra,yatra.com,buyhatke,,yatra-gift-card,https://buyhatke.com/gift-cards/yatra-gift-card
high,Zee5,zee5.com,gyftr,,zee5,https://www.gyftr.com/zee5
high,ZEE5,zee5.com,buyhatke,,zee5-gift-card,https://buyhatke.com/gift-cards/zee5-gift-card
high,Zomato,zomato.com,buyhatke,rbi.org.in | rbi.org | n16.in,zomato-gift-card,https://buyhatke.com/gift-cards/zomato-gift-card
high,Zoomcar,zoomcar.com,gyftr,,zoomcar,https://www.gyftr.com/zoomcar
high,Zoomcar,zoomcar.com,maximize,,zoomcar,https://www.maximize.money/gift-cards/Zoomcar/975
high,Zouk,zouk.co.in,gyftr,,zouk,https://www.gyftr.com/zouk
high,Zouk,zouk.co.in,maximize,,zouk,https://www.maximize.money/gift-cards/Zouk/1043
medium,Absolute Barbecues (Custom),absolutebarbecues.com,maximize,absolute-barbecue.com | ems-urlprotect.trendmicro.com | trendmicro.com,absolute-barbecues-388,https://www.maximize.money/gift-cards/Absolute Barbecues/388
medium,Adventra,adventrasports.com,gyftr,,adventra,https://www.gyftr.com/adventra
medium,Aeropostale BAGLINE,bagline.com,buyhatke,,aeropostale-bagline-gift-card,https://buyhatke.com/gift-cards/aeropostale-bagline-gift-card
medium,Aeropostale-BAGLINE,bagline.com,maximize,,bagline,https://www.maximize.money/gift-cards/BAGLINE/588
medium,Air India Domestic Gift Card,airindia.com,gyftr,,air-india-domestic-gift-card,https://www.gyftr.com/air-india-domestic-gift-card
medium,Ajio Luxe,ajio.com,gyftr,,ajio-luxe,https://www.gyftr.com/ajio-luxe
medium,Aliste,alistetechnologies.com,gyftr,,aliste,https://www.gyftr.com/aliste
medium,Aliste,alistetechnologies.com,maximize,,aliste,https://www.maximize.money/gift-cards/Aliste/487
medium,Aliste,alistetechnologies.com,buyhatke,,aliste-gift-card,https://buyhatke.com/gift-cards/aliste-gift-card
medium,Amala Earth,amala.earth,buyhatke,,amala-earth-gift-card,https://buyhatke.com/gift-cards/amala-earth-gift-card
medium,Amazon Fresh,amazon.in,gyftr,gftr.it,amazon-fresh,https://www.gyftr.com/amazon-fresh
medium,Amazon Fresh,amazon.in,buyhatke,namazon.in,amazon-fresh-gift-card,https://buyhatke.com/gift-cards/amazon-fresh-gift-card
medium,Amazon Fresh Voucher,amazon.in,maximize,,amazon-448,https://www.maximize.money/gift-cards/Amazon/448
medium,Amazon Pay,amazon.in,buyhatke,,amazon-pay-gift-card,https://buyhatke.com/gift-cards/amazon-pay-gift-card
medium,Amazon Prime 12 Months,amazon.in,buyhatke,,amazon-prime-12-months-gift-card,https://buyhatke.com/gift-cards/amazon-prime-12-months-gift-card
medium,Amazon Prime Lite Edition,amazon.in,maximize,,amazon-547,https://www.maximize.money/gift-cards/Amazon/547
medium,Amazon Prime Lite Edition,amazon.in,buyhatke,,amazon-prime-lite-edition-gift-card,https://buyhatke.com/gift-cards/amazon-prime-lite-edition-gift-card
medium,Amazon Prime Membership,amazon.in,gyftr,,amazon-prime-membership,https://www.gyftr.com/amazon-prime-membership
medium,Amazon Prime Shopping Edition,amazon.in,buyhatke,,amazon-prime-shopping-edition-gift-card,https://buyhatke.com/gift-cards/amazon-prime-shopping-edition-gift-card
medium,Amazon Prime Voucher - 12 months Membership,amazon.in,maximize,,amazon-549,https://www.maximize.money/gift-cards/Amazon/549
medium,Amazon Prime Voucher - 3 months Membership,amazon.in,maximize,,amazon-prime-voucher---3-months-membership-550,https://www.maximize.money/gift-cards/Amazon Prime Voucher - 3 months Membership/550
medium,Amazon Shopping,amazon.in,buyhatke,u00a0amazon.in,amazon-shopping-gift-card,https://buyhatke.com/gift-cards/amazon-shopping-gift-card
medium,Amazon Shopping Voucher,amazon.in,gyftr,gftr.it,amazon-shopping-voucher,https://www.gyftr.com/amazon-shopping-voucher
medium,Amazon Shopping Voucher,amazon.in,maximize,,amazon,https://www.maximize.money/gift-cards/Amazon/1084
medium,AmazonPay (Gift Card),amazon.in,maximize,,amazon-1083,https://www.maximize.money/gift-cards/Amazon/1083
medium,App Store Code,appstore.com,gyftr,,app-store-code,https://www.gyftr.com/app-store-code
medium,AppyHigh Prime,appyhigh.com,maximize,,appyhigh-prime,https://www.maximize.money/gift-cards/AppyHigh Prime/491
medium,AppyHigh Prime,appyhigh.com,buyhatke,,appyhigh-prime-gift-card,https://buyhatke.com/gift-cards/appyhigh-prime-gift-card
medium,Archies,archiesonline.com,buyhatke,,archies-gift-card,https://buyhatke.com/gift-cards/archies-gift-card
medium,Armani Exchange-Luxe Gift Card,luxegiftcard.com,gyftr,,luxe-gift-card-armani-exchange,https://www.gyftr.com/luxe-gift-card-armani-exchange
medium,Assembly,assemblytravel.com,gyftr,,assembly,https://www.gyftr.com/assembly
medium,Assembly,assemblytravel.com,buyhatke,,assembly-gift-card,https://buyhatke.com/gift-cards/assembly-gift-card
medium,Auric,theauric.com,gyftr,,auric,https://www.gyftr.com/auric
medium,Auric,theauric.com,maximize,,auric,https://www.maximize.money/gift-cards/Auric/492
medium,Auric,theauric.com,buyhatke,,auric-gift-card,https://buyhatke.com/gift-cards/auric-gift-card
medium,Bear House,thebearhouse.com,buyhatke,,bear-house-gift-card,https://buyhatke.com/gift-cards/bear-house-gift-card
medium,BGMI UniPin,unipin.com,buyhatke,,bgmi-unipin-gift-card,https://buyhatke.com/gift-cards/bgmi-unipin-gift-card
medium,Bigbasket (Custom),bigbasket.com,maximize,nbigbasket.com,bigbasket-(custom)-342,https://www.maximize.money/gift-cards/Bigbasket (Custom)/342
medium,Blaupunkt,blaupunktaudio.in,maximize,,blaupunkt,https://www.maximize.money/gift-cards/Blaupunkt/500
medium,Blaupunkt,blaupunktaudio.in,buyhatke,,blaupunkt-gift-card,https://buyhatke.com/gift-cards/blaupunkt-gift-card
medium,BlueStone Diamond,bluestone.com,maximize,,bluestone-diamond,https://www.maximize.money/gift-cards/BlueStone Diamond/817
medium,BlueStone Diamond,bluestone.com,buyhatke,,bluestone-diamond-gift-card,https://buyhatke.com/gift-cards/bluestone-diamond-gift-card
medium,Bluestone Gemstone Studded,bluestone.com,buyhatke,,bluestone-gemstone-studded-gift-card,https://buyhatke.com/gift-cards/bluestone-gemstone-studded-gift-card
medium,BlueStone Gold,bluestone.com,buyhatke,,bluestone-gold-gift-card,https://buyhatke.com/gift-cards/bluestone-gold-gift-card
medium,Boat,boat-lifestyle.com,maximize,imaginemarketingindia.com,boat,https://www.maximize.money/gift-cards/Boat/554
medium,Boat,boat-lifestyle.com,buyhatke,imaginemarketingindia.com,boat-gift-card,https://buyhatke.com/gift-cards/boat-gift-card
medium,BrainGymJr Gift Voucher,braingymjr.com,maximize,,braingymjr-gift-voucher,https://www.maximize.money/gift-cards/BrainGymJr Gift Voucher/502
medium,Brooks Brothers -Luxe Gift Card,luxegiftcard.com,gyftr,,luxe-gift-card-brooks-brothers,https://www.gyftr.com/luxe-gift-card-brooks-brothers
medium,Campus,campusshoes.com,gyftr,,campus,https://www.gyftr.com/campus
medium,Campus,campusshoes.com,buyhatke,,campus-gift-card,https://buyhatke.com/gift-cards/campus-gift-card
medium,Candere Diamond Jewellery,candere.com,gyftr,,candere-diamond-jewellery,https://www.gyftr.com/candere-diamond-jewellery
medium,Candere Diamond Jewellery,candere.com,maximize,,candere-diamond-jewellery,https://www.maximize.money/gift-cards/Candere Diamond Jewellery/264
medium,Candere Diamond Jewellery,candere.com,buyhatke,,candere-diamond-jewellery-gift-card,https://buyhatke.com/gift-cards/candere-diamond-jewellery-gift-card
medium,Candere Gold Coin,candere.com,gyftr,,candere-gold-coin,https://www.gyftr.com/candere-gold-coin
medium,Candere Gold Coin,candere.com,maximize,,candere-gold-coin,https://www.maximize.money/gift-cards/Candere Gold Coin/265
medium,Candere Gold Coin,candere.com,buyhatke,,candere-gold-coin-gift-card,https://buyhatke.com/gift-cards/candere-gold-coin-gift-card
medium,Candere Gold Jewellery,candere.com,gyftr,,candere-gold-jewellery,https://www.gyftr.com/candere-gold-jewellery
medium,Candere Gold Jewellery,candere.com,maximize,,candere-gold-jewellery,https://www.maximize.money/gift-cards/Candere Gold Jewellery/266
medium,Candere Gold Jewellery,candere.com,buyhatke,,candere-gold-jewellery-gift-card,https://buyhatke.com/gift-cards/candere-gold-jewellery-gift-card
medium,Cello,celloworld.com,gyftr,,cello,https://www.gyftr.com/cello
medium,Cello,celloworld.com,buyhatke,,cello-gift-card,https://buyhatke.com/gift-cards/cello-gift-card
medium,Cinepolis,cinepolisindia.com,gyftr,,cinepolis,https://www.gyftr.com/cinepolis
medium,Cinepolis,cinepolisindia.com,maximize,,cinepolis,https://www.maximize.money/gift-cards/Cinepolis/570
medium,Cinepolis,cinepolisindia.com,buyhatke,,cinepolis-gift-card,https://buyhatke.com/gift-cards/cinepolis-gift-card
medium,Cleartrip Hotel,cleartrip.com,gyftr,,cleartrip-hotel,https://www.gyftr.com/cleartrip-hotel
medium,ClearTrip Hotels,cleartrip.com,buyhatke,,cleartrip-hotels-gift-card,https://buyhatke.com/gift-cards/cleartrip-hotels-gift-card
medium,Cleartrip Hotels (Custom),cleartrip.com,maximize,qwikcilver.com | cleartripgcbal.qwikcilver.com,cleartrip-hotels,https://www.maximize.money/gift-cards/Cleartrip Hotels (Custom)/227
medium,Cordelia,cordeliacruises.com,gyftr,,cordelia,https://www.gyftr.com/cordelia
medium,Croma (Custom),croma.com,maximize,,croma-(custom)-220,https://www.maximize.money/gift-cards/Croma (Custom)/220
medium,Decathlon - Fixed,decathlon.in,maximize,,decathlon-fixed,https://www.maximize.money/gift-cards/Decathlon - Fixed/268
medium,Diesel- Luxe Gift Card,luxegiftcard.com,gyftr,,luxe-gift-card-diesel,https://www.gyftr.com/luxe-gift-card-diesel
medium,Discovery,discoveryplus.in,buyhatke,,discovery-gift-card,https://buyhatke.com/gift-cards/discovery-gift-card
medium,DPauls Travel & Tours,dpauls.com,gyftr,n10.in | n13.in,dpauls-travel-&-tours,https://www.gyftr.com/dpauls-travel-&-tours
medium,DPauls Travel Tours,dpauls.com,buyhatke,n10.in | n13.in,dpauls-travel-tours-gift-card,https://buyhatke.com/gift-cards/dpauls-travel-tours-gift-card
medium,DUROFLEX,duroflexworld.com,gyftr,,duroflex,https://www.gyftr.com/duroflex
medium,DUROFLEX,duroflexworld.com,maximize,,duroflex,https://www.maximize.money/gift-cards/DUROFLEX/731
medium,DUROFLEX,duroflexworld.com,buyhatke,,duroflex-gift-card,https://buyhatke.com/gift-cards/duroflex-gift-card
medium,EA SPORTS FC 26,ea.com,gyftr,,ea-sports-fc-26,https://www.gyftr.com/ea-sports-fc-26
medium,EaseMyTrip Holiday,easemytrip.com,gyftr,,easemytrip-holiday,https://www.gyftr.com/easemytrip-holiday
medium,EaseMyTrip Holiday,easemytrip.com,maximize,woohoo-web.app.link | woohoo-web.app,easemytrip-holiday,https://www.maximize.money/gift-cards/EaseMyTrip Holiday/574
medium,EaseMyTrip Holiday,easemytrip.com,buyhatke,woohoo-web.app.link | woohoo-web.app,easemytrip-holiday-gift-card,https://buyhatke.com/gift-cards/easemytrip-holiday-gift-card
medium,EaseMyTrip Hotel,easemytrip.com,maximize,,easemytrip-hotel,https://www.maximize.money/gift-cards/EaseMyTrip Hotel/484
medium,EaseMyTrip Hotel,easemytrip.com,buyhatke,,easemytrip-hotel-gift-card,https://buyhatke.com/gift-cards/easemytrip-hotel-gift-card
medium,Epic On 1 month Plan,epicon.in,buyhatke,in10media.com,epic-on-1-month-plan-gift-card,https://buyhatke.com/gift-cards/epic-on-1-month-plan-gift-card
medium,Epic On 1 Year Plan,epicon.in,buyhatke,,epic-on-1-year-plan-gift-card,https://buyhatke.com/gift-cards/epic-on-1-year-plan-gift-card
medium,Epic On 3 month Plan,epicon.in,buyhatke,in10media.com,epic-on-3-month-plan-gift-card,https://buyhatke.com/gift-cards/epic-on-3-month-plan-gift-card
medium,Epic On 6 month Plan,epicon.in,buyhatke,in10media.com,epic-on-6-month-plan-gift-card,https://buyhatke.com/gift-cards/epic-on-6-month-plan-gift-card
medium,Euphoria Jewellery Gold Coin,euphoriajewellery.in,gyftr,,euphoria-jewellery-gold-coin,https://www.gyftr.com/euphoria-jewellery-gold-coin
medium,Euphoria Jewellery Gold Coin,euphoriajewellery.in,buyhatke,,euphoria-jewellery-gold-coin-gift-card,https://buyhatke.com/gift-cards/euphoria-jewellery-gold-coin-gift-card
medium,Euphoria Jewellery Silver Coin,euphoriajewellery.in,gyftr,,euphoria-jewellery-silver-coin,https://www.gyftr.com/euphoria-jewellery-silver-coin
medium,Euphoria Jewellery Silver Coin,euphoriajewellery.in,maximize,,euphoria-jewellery-silver-coin,https://www.maximize.money/gift-cards/Euphoria Jewellery Silver Coin/270
medium,Euphoria Jewellery Silver Coin,euphoriajewellery.in,buyhatke,,euphoria-jewellery-silver-coin-gift-card,https://buyhatke.com/gift-cards/euphoria-jewellery-silver-coin-gift-card
medium,Flipkart - (Custom),flipkart.com,maximize,qwikcilver.com,flipkart,https://www.maximize.money/gift-cards/Flipkart - (Custom)/410
medium,French Accent,getfrenchaccent.com,gyftr,,french-accent,https://www.gyftr.com/french-accent
medium,French Accent,getfrenchaccent.com,buyhatke,,french-accent-gift-card,https://buyhatke.com/gift-cards/french-accent-gift-card
medium,FRIDO,myfrido.com,gyftr,mobility.myfrido.com,frido,https://www.gyftr.com/frido
medium,Frido,myfrido.com,maximize,mobility.myfrido.com,frido,https://www.maximize.money/gift-cards/Frido/518
medium,Frido,myfrido.com,buyhatke,mobility.myfrido.com,frido-gift-card,https://buyhatke.com/gift-cards/frido-gift-card
medium,GAS-Luxe Gift Card,luxegiftcard.com,gyftr,,luxe-gift-card-gas,https://www.gyftr.com/luxe-gift-card-gas
medium,GIVA Silver Coin,giva.co,maximize,,giva-silver-coin-520,https://www.maximize.money/gift-cards/GIVA Silver Coin/520
medium,GIVA Silver Coin (Custom),giva.co,maximize,,giva-silver-coin,https://www.maximize.money/gift-cards/GIVA Silver Coin (Custom)/742
medium,GIVA Silver jewellery,giva.co,maximize,,giva%20silver%20coin-1166,https://www.maximize.money/gift-cards/GIVA%20Silver%20Coin/1166
medium,Giva-Silver Coin,giva.co,gyftr,,giva-silver-coin,https://www.gyftr.com/giva-silver-coin
medium,Giva-Silver Jewellery,giva.co,gyftr,,giva-silver-jewellery,https://www.gyftr.com/giva-silver-jewellery
medium,GoIbibo Hotel,goibibo.com,maximize,,goibibo-hotel,https://www.maximize.money/gift-cards/GoIbibo Hotel/479
medium,Goibibo Hotel,goibibo.com,buyhatke,,goibibo-hotel-gift-card,https://buyhatke.com/gift-cards/goibibo-hotel-gift-card
medium,Hamleys-Luxe Gift Card,luxegiftcard.com,gyftr,,luxe-gift-card-hamleys,https://www.gyftr.com/luxe-gift-card-hamleys
medium,Hammer,hammeronline.in,gyftr,n13.in,hammer,https://www.gyftr.com/hammer
medium,Hammer,hammeronline.in,maximize,,hammer,https://www.maximize.money/gift-cards/Hammer/522
medium,Hammer,hammeronline.in,buyhatke,n13.in,hammer-gift-card,https://buyhatke.com/gift-cards/hammer-gift-card
medium,Haute Sauce,buyhautesauce.com,gyftr,,haute-sauce,https://www.gyftr.com/haute-sauce
medium,Haute Sauce,buyhautesauce.com,buyhatke,,haute-sauce-gift-card,https://buyhatke.com/gift-cards/haute-sauce-gift-card
medium,Hindustan Times Premium,hindustantimes.com,gyftr,,hindustan-times-premium,https://www.gyftr.com/hindustan-times-premium
medium,Home,at-home.co.in,buyhatke,,home-gift-card,https://buyhatke.com/gift-cards/home-gift-card
medium,Home Centre Online,homecentre.in,gyftr,,home-centre-online,https://www.gyftr.com/home-centre-online
medium,HopInTown Plus,hopintown.com,buyhatke,,hopintown-plus-gift-card,https://buyhatke.com/gift-cards/hopintown-plus-gift-card
medium,House of Vaaree,vaaree.com,buyhatke,,house-of-vaaree-gift-card,https://buyhatke.com/gift-cards/house-of-vaaree-gift-card
medium,Hunkemoller- Luxe Gift Card,luxegiftcard.com,gyftr,,hunkemoller--luxe-gift-card,https://www.gyftr.com/hunkemoller--luxe-gift-card
medium,ixigo hotel,ixigo.com,gyftr,,ixigo-hotel,https://www.gyftr.com/ixigo-hotel
medium,Ixigo Hotel,ixigo.com,buyhatke,,ixigo-hotel-gift-card,https://buyhatke.com/gift-cards/ixigo-hotel-gift-card
medium,Juicy Couture BAGLINE,bagline.com,buyhatke,,juicy-couture-bagline-gift-card,https://buyhatke.com/gift-cards/juicy-couture-bagline-gift-card
medium,KALKI,kalkifashion.com,gyftr,in.kalkifashion.com,kalki,https://www.gyftr.com/kalki
medium,Ketan Diamonds - Diamond Only,ketandiamonds.com,maximize,,ketan-diamonds-diamond-only,https://www.maximize.money/gift-cards/Ketan Diamonds - Diamond Only/241
medium,Ketan Diamonds - Gold Coin,ketandiamonds.com,maximize,,ketan-diamonds-gold-coin,https://www.maximize.money/gift-cards/Ketan Diamonds - Gold Coin/242
medium,Ketan Diamonds - Gold Jewellery,ketandiamonds.com,maximize,,ketan-diamonds-gold-jewellery,https://www.maximize.money/gift-cards/Ketan Diamonds - Gold Jewellery/243
medium,Ketan Diamonds Diamond Only,ketandiamonds.com,gyftr,,ketan-diamonds-diamond-only,https://www.gyftr.com/ketan-diamonds-diamond-only
medium,Ketan Diamonds Diamond Only,ketandiamonds.com,buyhatke,,ketan-diamonds-diamond-only-gift-card,https://buyhatke.com/gift-cards/ketan-diamonds-diamond-only-gift-card
medium,Ketan Diamonds Gold Coin,ketandiamonds.com,gyftr,,ketan-diamonds-gold-coin,https://www.gyftr.com/ketan-diamonds-gold-coin
medium,Ketan Diamonds Gold Coin,ketandiamonds.com,buyhatke,,ketan-diamonds-gold-coin-gift-card,https://buyhatke.com/gift-cards/ketan-diamonds-gold-coin-gift-card
medium,Ketan Diamonds Gold Jewellery,ketandiamonds.com,gyftr,,ketan-diamonds-gold-jewellery,https://www.gyftr.com/ketan-diamonds-gold-jewellery
medium,Ketan Diamonds Gold Jewellery,ketandiamonds.com,buyhatke,,ketan-diamonds-gold-jewellery-gift-card,https://buyhatke.com/gift-cards/ketan-diamonds-gold-jewellery-gift-card
medium,Lee 3 Day Wait,lee.in,buyhatke,aceturtle.com,lee-(3-day-wait)-gift-card,https://buyhatke.com/gift-cards/lee-(3-day-wait)-gift-card
medium,Lenskart 3 Day Wait,lenskart.com,buyhatke,contactskart.com,lenskart-(3-day-wait)-gift-card,https://buyhatke.com/gift-cards/lenskart-(3-day-wait)-gift-card
medium,Levis,levi.in,gyftr,,levis,https://www.gyftr.com/levis
medium,Levis,levi.in,buyhatke,,levis-gift-card,https://buyhatke.com/gift-cards/levis-gift-card
medium,Liberty,libertyshoesonline.com,buyhatke,,liberty-gift-card,https://buyhatke.com/gift-cards/liberty-gift-card
medium,Lifestyle,lifestylestores.com,buyhatke,homecentre.in,lifestyle-gift-card,https://buyhatke.com/gift-cards/lifestyle-gift-card
medium,Lohono Stays,lohono.com,gyftr,,lohono-stays,https://www.gyftr.com/lohono-stays
medium,Lohono Stays,lohono.com,maximize,,lohono-stays,https://www.maximize.money/gift-cards/Lohono Stays/1008
medium,Lohono Stays,lohono.com,buyhatke,,lohono-stays-gift-card,https://buyhatke.com/gift-cards/lohono-stays-gift-card
medium,"LUZO - Salons, Spas, Clinics",luzo.app,gyftr,,luzo,https://www.gyftr.com/luzo
medium,MakeMyTrip,nmakemytrip.com,maximize,,makemytrip,https://www.maximize.money/gift-cards/MakeMyTrip/579
medium,MakeMyTrip Bus,makemytrip.com,maximize,,makemytrip-bus,https://www.maximize.money/gift-cards/MakeMyTrip Bus/222
medium,MakeMyTrip Bus,makemytrip.com,buyhatke,,makemytrip-bus-gift-card,https://buyhatke.com/gift-cards/makemytrip-bus-gift-card
medium,MakeMyTrip Cab,makemytrip.com,maximize,,makemytrip-cab,https://www.maximize.money/gift-cards/MakeMyTrip Cab/1099
medium,MakeMyTrip e-Pay,makemytrip.com,gyftr,,makemytrip-e-pay,https://www.gyftr.com/makemytrip-e-pay
medium,MakeMyTrip E-Pay,makemytrip.com,maximize,,makemytrip-e-pay,https://www.maximize.money/gift-cards/MakeMyTrip E-Pay/364
medium,Makemytrip Holiday,makemytrip.com,maximize,nmakemytrip.com,makemytrip-holiday,https://www.maximize.money/gift-cards/Makemytrip Holiday/478
medium,MakeMyTrip Holiday E Pay,makemytrip.com,maximize,,makemytrip-holiday-e-pay,https://www.maximize.money/gift-cards/MakeMyTrip Holiday E Pay/209
medium,MakeMyTrip Holiday e-Pay,makemytrip.com,gyftr,,makemytrip-holiday-e-pay,https://www.gyftr.com/makemytrip-holiday-e-pay
medium,MakeMyTrip Holidays,makemytrip.com,buyhatke,,makemytrip-holidays-gift-card,https://buyhatke.com/gift-cards/makemytrip-holidays-gift-card
medium,Makemytrip Hotel,makemytrip.com,maximize,,makemytrip-hotel,https://www.maximize.money/gift-cards/Makemytrip Hotel/225
medium,MakeMyTrip Hotel,makemytrip.com,buyhatke,,makemytrip-hotel-gift-card,https://buyhatke.com/gift-cards/makemytrip-hotel-gift-card
medium,MakeMyTrip Hotel E Pay,makemytrip.com,maximize,gftr.it,makemytrip-hotel-e-pay,https://www.maximize.money/gift-cards/MakeMyTrip Hotel E Pay/208
medium,MakeMyTrip Hotel e-Pay,makemytrip.com,gyftr,,makemytrip-hotel-e-pay,https://www.gyftr.com/makemytrip-hotel-e-pay
medium,MakeMyTrip International,makemytrip.com,maximize,,makemytrip-international,https://www.maximize.money/gift-cards/MakeMyTrip International/1090
medium,MakeMyTrip Rail,makemytrip.com,maximize,,makemytrip-rail,https://www.maximize.money/gift-cards/MakeMyTrip Rail/223
medium,MakeMyTrip Rail,makemytrip.com,buyhatke,,makemytrip-rail-gift-card,https://buyhatke.com/gift-cards/makemytrip-rail-gift-card
medium,Maple,maplestore.in,buyhatke,,maple-gift-card,https://buyhatke.com/gift-cards/maple-gift-card
medium,Max Fashion Online,maxfashion.com,gyftr,maxfashion.in,max-fashion-online,https://www.gyftr.com/max-fashion-online
medium,McDonalds,mcdonaldsindia.com,buyhatke,,mcdonalds-gift-card,https://buyhatke.com/gift-cards/mcdonalds-gift-card
medium,Microsoft Office,microsoft.com,gyftr,office.com | outlook.com | go.microsoft.com,microsoft-office,https://www.gyftr.com/microsoft-office
medium,Microsoft Office,office.com,maximize,outlook.com,microsoft-office,https://www.maximize.money/gift-cards/Microsoft Office/1129
medium,Microsoft Xbox Game Pass Core,xbox.com,gyftr,microsoft.com,microsoft-xbox-game-pass-core,https://www.gyftr.com/microsoft-xbox-game-pass-core
medium,Microsoft Xbox Game Pass Core,microsoft.com,buyhatke,xbox.com,microsoft-xbox-game-pass-core-gift-card,https://buyhatke.com/gift-cards/microsoft-xbox-game-pass-core-gift-card
medium,Microsoft Xbox PC Game Pass,microsoft.com,gyftr,,microsoft-xbox-pc-game-pass,https://www.gyftr.com/microsoft-xbox-pc-game-pass
medium,Minecraft Minecoins,minecraft.net,buyhatke,,minecraft-minecoins-gift-card,https://buyhatke.com/gift-cards/minecraft-minecoins-gift-card
medium,Miraggio,miraggiolife.com,maximize,,miraggio,https://www.maximize.money/gift-cards/Miraggio/1098
medium,Mothercare-Luxe Gift Card,luxegiftcard.com,gyftr,,luxe-gift-card-mothercare,https://www.gyftr.com/luxe-gift-card-mothercare
medium,MS Xbox Game Pass Ultimate,xbox.com,gyftr,microsoft.com,ms-xbox-game-pass-ultimate,https://www.gyftr.com/ms-xbox-game-pass-ultimate
medium,MUJI- Luxe Gift Card,luxegiftcard.com,gyftr,,muji,https://www.gyftr.com/muji
medium,Muthoot Gold,muthoot.com,buyhatke,buygold.muthoot.com,muthoot-gold-gift-card,https://buyhatke.com/gift-cards/muthoot-gold-gift-card
medium,Muthoot Gold Voucher,muthoot.com,gyftr,buygold.muthoot.com,muthoot-gold-voucher,https://www.gyftr.com/muthoot-gold-voucher
medium,Muthoot Gold Voucher,muthoot.com,maximize,buygold.muthoot.com,muthoot-gold-voucher,https://www.maximize.money/gift-cards/Muthoot Gold Voucher/654
medium,myUpchar Medicines,myupchar.com,buyhatke,,myupchar-medicines-gift-card,https://buyhatke.com/gift-cards/myupchar-medicines-gift-card
medium,Nintendo eShop Voucher,nintendo.com,gyftr,ec.nintendo.com,nintendo-eshop-voucher,https://www.gyftr.com/nintendo-eshop-voucher
medium,Nintendo Shop,nintendo.com,maximize,ec.nintendo.com,nintendo-shop,https://www.maximize.money/gift-cards/Nintendo Shop/1121
medium,Nykaa (Custom),nykaa.com,maximize,nykaaman.com | nykaafashion.com,nykaa,https://www.maximize.money/gift-cards/Nykaa/234
medium,Nykaa Fashion,nykaa.com,gyftr,,nykaa-fashion,https://www.gyftr.com/nykaa-fashion
medium,Nykaa LUXE,nykaa.com,buyhatke,nykaaman.com | nykaafashion.com,nykaa-luxe-gift-card,https://buyhatke.com/gift-cards/nykaa-luxe-gift-card
medium,Oberoi Hotels Resorts,oberoihotels.com,buyhatke,oberoigroup.com,oberoi-hotels-resorts-gift-card,https://buyhatke.com/gift-cards/oberoi-hotels-resorts-gift-card
medium,Pantaloons (4 Hr Wait),pantaloons.com,buyhatke,npantaloons.com,pantaloons-(4-hr-wait)-gift-card,https://buyhatke.com/gift-cards/pantaloons-(4-hr-wait)-gift-card
medium,Pepperfry Luxury,pepperfry.com,buyhatke,,pepperfry-luxury-gift-card,https://buyhatke.com/gift-cards/pepperfry-luxury-gift-card
medium,PhonePe (Fixed),phonepe.com,maximize,,phonepe-fixed,https://www.maximize.money/gift-cards/PhonePe (Fixed)/219
medium,PhonePe 5000 and 10000,phonepe.com,maximize,,phonepe,https://www.maximize.money/gift-cards/PhonePe/801
medium,PinePerksRupayPrime-WH,pineperks.in,maximize,,pineperksrupayprime-wh,https://www.maximize.money/gift-cards/PinePerksRupayPrime-WH/413
medium,Prestige,ttkprestige.com,maximize,,prestige,https://www.maximize.money/gift-cards/Prestige/667
medium,Prestige,ttkprestige.com,buyhatke,,prestige-gift-card,https://buyhatke.com/gift-cards/prestige-gift-card
medium,Razer Gold,gold.razer.com,maximize,razer.com,razer-gold,https://www.maximize.money/gift-cards/Razer Gold/962
medium,Razer Gold,gold.razer.com,buyhatke,razer.com,razer-gold-gift-card,https://buyhatke.com/gift-cards/razer-gold-gift-card
medium,Razorpay Money Bill,money.razorpay.com,maximize,razorpay.com | maximize.com,razorpay-money-bill,https://www.maximize.money/gift-cards/Razorpay Money Bill/1070
medium,Razorpay Money Flex,razorpay.com,maximize,money.razorpay.com,razorpay-money-flex,https://www.maximize.money/gift-cards/Razorpay Money Flex/945
medium,Razorpay Money Flex,razorpay.com,buyhatke,money.razorpay.com,razorpay-money-flex-gift-card,https://buyhatke.com/gift-cards/razorpay-money-flex-gift-card
medium,Reliance Jio Mart,jiomart.com,gyftr,ril.com,reliance-jio-mart,https://www.gyftr.com/reliance-jio-mart
medium,Resonate Router UPS,resonate.store,maximize,,resonate-router-ups,https://www.maximize.money/gift-cards/Resonate Router UPS/474
medium,Resonate Router UPS,resonate.store,buyhatke,,resonate-router-ups-gift-card,https://buyhatke.com/gift-cards/resonate-router-ups-gift-card
medium,RITU KUMAR- Luxe Gift Card,luxegiftcard.com,gyftr,,ritu-kumar,https://www.gyftr.com/ritu-kumar
medium,Roblox Gift Card,roblox.com,gyftr,,roblox-gift-card,https://www.gyftr.com/roblox-gift-card
medium,Satya Paul- Luxe Gift Card,luxegiftcard.com,gyftr,,luxe-gift-card-satya-paul,https://www.gyftr.com/luxe-gift-card-satya-paul
medium,Shell (1 Day Wait),shell.com,buyhatke,find.shell.com,shell-(1-day-wait)-gift-card,https://buyhatke.com/gift-cards/shell-(1-day-wait)-gift-card
medium,ShemarooMe Premium,shemaroome.com,buyhatke,shemarooent.com,shemaroome-premium-gift-card,https://buyhatke.com/gift-cards/shemaroome-premium-gift-card
medium,Simple,simpleskincare.in,buyhatke,,simple-gift-card,https://buyhatke.com/gift-cards/simple-gift-card
medium,Smile Foundation,smilefoundationindia.org,maximize,donate.smilefoundationindia.org,smile-foundation,https://www.maximize.money/gift-cards/Smile Foundation/684
medium,Smile Foundation,smilefoundationindia.org,buyhatke,donate.smilefoundationindia.org,smile-foundation-gift-card,https://buyhatke.com/gift-cards/smile-foundation-gift-card
medium,Snapdeal 1000,snapdeal.com,buyhatke,,snapdeal-1000-gift-card,https://buyhatke.com/gift-cards/snapdeal-1000-gift-card
medium,Snapdeal 500,snapdeal.com,buyhatke,,snapdeal-500-gift-card,https://buyhatke.com/gift-cards/snapdeal-500-gift-card
medium,Snitch E,snitch.com,buyhatke,,snitch-e-gift-card,https://buyhatke.com/gift-cards/snitch-e-gift-card
medium,Sony Playstation,playstation.com,gyftr,,sony-playstation,https://www.gyftr.com/sony-playstation
medium,SonyLiv 6 Months,sonyliv.com,buyhatke,,sonyliv-6-months-gift-card,https://buyhatke.com/gift-cards/sonyliv-6-months-gift-card
medium,Starbucks,tatastarbucks.com,buyhatke,,starbucks-gift-card,https://buyhatke.com/gift-cards/starbucks-gift-card
medium,Steve Madden-Luxe Gift Card,luxegiftcard.com,gyftr,,luxe-gift-card-steve-madden,https://www.gyftr.com/luxe-gift-card-steve-madden
medium,SUPA,supastyle.com,buyhatke,,supa-gift-card,https://buyhatke.com/gift-cards/supa-gift-card
medium,Superdry-Luxe Gift Card,luxegiftcard.com,gyftr,,luxe-gift-card-superdry,https://www.gyftr.com/luxe-gift-card-superdry
medium,Surat Diamond Solitaire,suratdiamond.com,maximize,ringdesign.suratdiamond.com,surat-diamonds-solitaire,https://www.maximize.money/gift-cards/Surat Diamonds Solitaire/1108
medium,Surat Diamonds,suratdiamond.com,gyftr,,surat-diamonds,https://www.gyftr.com/surat-diamonds
medium,Surat Diamonds,suratdiamond.com,buyhatke,,surat-diamonds-gift-card,https://buyhatke.com/gift-cards/surat-diamonds-gift-card
medium,Surat Diamonds Main,suratdiamond.com,maximize,,surat-diamonds-main,https://www.maximize.money/gift-cards/Surat Diamonds Main/1107
medium,Surat Diamonds Main,suratdiamond.com,buyhatke,,surat-diamonds-main-gift-card,https://buyhatke.com/gift-cards/surat-diamonds-main-gift-card
medium,Surat Diamonds Solitaire,suratdiamond.com,buyhatke,ringdesign.suratdiamond.com,surat-diamonds-solitaire-gift-card,https://buyhatke.com/gift-cards/surat-diamonds-solitaire-gift-card
medium,Swiggy Money Voucher,swiggy.com,gyftr,,swiggy-gv,https://www.gyftr.com/swiggy-gv
medium,Tanishq Gold Coin,stores.tanishq.co.in,maximize,tanishq.co.in,tanishq-gold-coin,https://www.maximize.money/gift-cards/Tanishq Gold Coin/358
medium,Tanishq Gold Coin,stores.tanishq.co.in,buyhatke,tanishq.co.in,tanishq-gold-coin-gift-card,https://buyhatke.com/gift-cards/tanishq-gold-coin-gift-card
medium,Tata CliQ Luxury,tatacliq.com,gyftr,luxury.tatacliq.com,tata-cliq-luxury,https://www.gyftr.com/tata-cliq-luxury
medium,Tata CliQ Luxury,tatacliq.com,buyhatke,,tata-cliq-luxury-gift-card,https://buyhatke.com/gift-cards/tata-cliq-luxury-gift-card
medium,TataCliq Fashion,tatacliq.com,buyhatke,,tatacliq-fashion-gift-card,https://buyhatke.com/gift-cards/tatacliq-fashion-gift-card
medium,The Skin Story,story.in,gyftr,,the-skin-story,https://www.gyftr.com/the-skin-story
medium,Things2Do,things2.do,buyhatke,,things2do-gift-card,https://buyhatke.com/gift-cards/things2do-gift-card
medium,Times Prime Lite,timesprime.com,buyhatke,,times-prime-lite-gift-card,https://buyhatke.com/gift-cards/times-prime-lite-gift-card
medium,Times Prime Power,timesprime.com,buyhatke,,times-prime-power-gift-card,https://buyhatke.com/gift-cards/times-prime-power-gift-card
medium,Times Prime Prive,timesprime.com,buyhatke,,times-prime-prive-gift-card,https://buyhatke.com/gift-cards/times-prime-prive-gift-card
medium,TUMI- Luxe Gift Card,luxegiftcard.com,gyftr,,tumi,https://www.gyftr.com/tumi
medium,UniPin BGMI,unipin.com,gyftr,,unipin-bgmi,https://www.gyftr.com/unipin-bgmi
medium,Unipin- BGMI Voucher,unipin.com,maximize,,unipin-bgmi-voucher,https://www.maximize.money/gift-cards/Unipin- BGMI Voucher/1105
medium,United Colors of Benetton BAGLINE,bagline.com,buyhatke,,united-colors-of-benetton-bagline-gift-card,https://buyhatke.com/gift-cards/united-colors-of-benetton-bagline-gift-card
medium,Urban Space,urbanspacestore.in,gyftr,,urban-space,https://www.gyftr.com/urban-space
medium,V Mart (Custom),stores.vmart.co.in,maximize,vmart.co.in | vmartretail.com,v-mart-(custom)-930,https://www.maximize.money/gift-cards/V Mart (Custom)/930
medium,Veridicus,veridicushealthcares.com,gyftr,odhilife.com | n15.in,veridicus,https://www.gyftr.com/veridicus
medium,WEST ELM- Luxe Gift Card,luxegiftcard.com,gyftr,,west-elm,https://www.gyftr.com/west-elm
medium,Woodland,woodlandworldwide.com,gyftr,,woodland,https://www.gyftr.com/woodland
medium,Woodland,woodlandworldwide.com,buyhatke,,woodland-gift-card,https://buyhatke.com/gift-cards/woodland-gift-card
medium,World of Titan,titan.co.in,maximize,,world-of-titan,https://www.maximize.money/gift-cards/World of Titan/1106
medium,World of Titan (1 Day Wait),titan.co.in,buyhatke,,world-of-titan-(1-day-wait)-gift-card,https://buyhatke.com/gift-cards/world-of-titan-(1-day-wait)-gift-card
medium,World of Titan 8 Hr Wait,titan.co.in,buyhatke,,world-of-titan-(8-hr-wait)-gift-card,https://buyhatke.com/gift-cards/world-of-titan-(8-hr-wait)-gift-card
medium,World of Titan SmartWatch,titan.co.in,maximize,,world-of-titan-smartwatch,https://www.maximize.money/gift-cards/World of Titan SmartWatch/581
medium,Wynk Music,wynk.in,gyftr,,wynk-music,https://www.gyftr.com/wynk-music
medium,Xbox Essential Game Pass,xbox.com,buyhatke,,xbox-essential-game-pass-gift-card,https://buyhatke.com/gift-cards/xbox-essential-game-pass-gift-card
medium,Xbox Premium Game Pass,xbox.com,buyhatke,,xbox-premium-game-pass-gift-card,https://buyhatke.com/gift-cards/xbox-premium-game-pass-gift-card
medium,Xbox Ultimate Game Pass,xbox.com,buyhatke,,xbox-ultimate-game-pass-gift-card,https://buyhatke.com/gift-cards/xbox-ultimate-game-pass-gift-card
medium,Xfused,goxfused.com,buyhatke,,xfused-gift-card,https://buyhatke.com/gift-cards/xfused-gift-card
medium,Yatra - 1500,yatra.com,maximize,,yatra-1500,https://www.maximize.money/gift-cards/Yatra - 1500/605
medium,Yatra - 2000,yatra.com,maximize,,yatra-2000,https://www.maximize.money/gift-cards/Yatra - 2000/606
medium,Yatra - 500,yatra.com,maximize,,yatra-500,https://www.maximize.money/gift-cards/Yatra - 500/1078
medium,Yatra Hotel,yatra.com,maximize,nyatra.com,yatra-hotel,https://www.maximize.money/gift-cards/Yatra Hotel/837
medium,Yatra Hotel,yatra.com,buyhatke,nyatra.com,yatra-hotel-gift-card,https://buyhatke.com/gift-cards/yatra-hotel-gift-card
medium,Yatra Hotel Gift Card,yatra.com,gyftr,,yatra-hotel-gift-card,https://www.gyftr.com/yatra-hotel-gift-card
medium,Yatra Hotels and Holidays,yatra.com,maximize,,yatra-hotels-and-holidays,https://www.maximize.money/gift-cards/Yatra Hotels and Holidays/472
medium,Yatra Hotels and Holidays,yatra.com,buyhatke,,yatra-hotels-and-holidays-gift-card,https://buyhatke.com/gift-cards/yatra-hotels-and-holidays-gift-card
medium,Yatra Hotels Holidays,yatra.com,buyhatke,,yatra-hotels-holidays-gift-card,https://buyhatke.com/gift-cards/yatra-hotels-holidays-gift-card
medium,Yatra Prime,yatra.com,buyhatke,nyatra.com,yatra-prime-gift-card,https://buyhatke.com/gift-cards/yatra-prime-gift-card
medium,Yatra Special,yatra.com,buyhatke,nyatra.com,yatra-special-gift-card,https://buyhatke.com/gift-cards/yatra-special-gift-card
medium,Yatra Travel Treat 1000,yatra.com,buyhatke,,yatra-travel-treat-1000-gift-card,https://buyhatke.com/gift-cards/yatra-travel-treat-1000-gift-card
medium,Yatra Voucher,yatra.com,gyftr,,yatra-voucher,https://www.gyftr.com/yatra-voucher
medium,ZEE5 Regional,zee5.com,buyhatke,,zee5-regional-gift-card,https://buyhatke.com/gift-cards/zee5-regional-gift-card
medium,Zepto,zeptonow.com,gyftr,,zepto,https://www.gyftr.com/zepto
medium,Zepto,zeptonow.com,maximize,pinelabs.com,zepto,https://www.maximize.money/gift-cards/Zepto/205
medium,Zepto,zeptonow.com,buyhatke,,zepto-gift-card,https://buyhatke.com/gift-cards/zepto-gift-card
low,Adani Meet and Greet,adanione.com,gyftr,,adani-meet-and-greet,https://www.gyftr.com/adani-meet-and-greet
low,Adani Meet and greet,adanione.com,buyhatke,,adani-meet-and-greet-gift-card,https://buyhatke.com/gift-cards/adani-meet-and-greet-gift-card
low,Air UK Route (1 Day Wait),airindia.com,buyhatke,,air-uk-route-(1-day-wait)-gift-card,https://buyhatke.com/gift-cards/air-uk-route-(1-day-wait)-gift-card
low,American Eagle,aeo.in,maximize,,american-eagle,https://www.maximize.money/gift-cards/American Eagle/481
low,American Eagle,aeo.in,buyhatke,,american-eagle-gift-card,https://buyhatke.com/gift-cards/american-eagle-gift-card
low,Apollo Diagnostics,apollo247.com,maximize,,apollo-diagnostics,https://www.maximize.money/gift-cards/Apollo Diagnostics/1092
low,Archies Gallery,archiesonline.com,gyftr,archiesworldwide.com,archies-gallery,https://www.gyftr.com/archies-gallery
low,Archies Gallery,archiesonline.com,maximize,,archies-gallery,https://www.maximize.money/gift-cards/Archies Gallery/236
low,Archies Gallery,archiesonline.com,buyhatke,,archies-gallery-gift-card,https://buyhatke.com/gift-cards/archies-gallery-gift-card
low,Armani Exchange Luxe,luxegiftcard.com,buyhatke,u00a0luxegiftcard.com,armani-exchange-luxe-gift-card,https://buyhatke.com/gift-cards/armani-exchange-luxe-gift-card
low,Armani Exchange-Luxe,luxegiftcard.com,maximize,pinelabs.com,armani-exchange-luxe,https://www.maximize.money/gift-cards/Armani Exchange-Luxe/451
low,Bare Anatomy,innovist.com,buyhatke,,bare-anatomy-gift-card,https://buyhatke.com/gift-cards/bare-anatomy-gift-card
low,BGMI UC Official Voucher,unipin.com,gyftr,,bgmi-uc-official-voucher,https://www.gyftr.com/bgmi-uc-official-voucher
low,Black Decker,appliancesblackanddecker.in,buyhatke,,black-decker-gift-card,https://buyhatke.com/gift-cards/black-decker-gift-card
low,Brooks Brothers-Luxe,luxegiftcard.com,maximize,pinelabs.com,brooks-brothers-luxe,https://www.maximize.money/gift-cards/Brooks Brothers-Luxe/376
low,Chemist At Play,innovist.com,buyhatke,,chemist-at-play-gift-card,https://buyhatke.com/gift-cards/chemist-at-play-gift-card
low,Coach Luxe,luxegiftcard.com,buyhatke,,coach-luxe-gift-card,https://buyhatke.com/gift-cards/coach-luxe-gift-card
low,Cosmopolitan India,subscriptions.intoday.in,maximize,intoday.in,cosmopolitan-india,https://www.maximize.money/gift-cards/Cosmopolitan India/835
low,Credit Masterclass,rb.gy,buyhatke,,credit-masterclass-gift-card,https://buyhatke.com/gift-cards/credit-masterclass-gift-card
low,Cult,pinelabs.com,maximize,speedo.in | amazon.com | flipkart.com,cult,https://www.maximize.money/gift-cards/Cult/378
low,CultFit,pinelabs.com,buyhatke,,cultfit-gift-card,https://buyhatke.com/gift-cards/cultfit-gift-card
low,DANUBE BUILDMART,danubehome.com,buyhatke,in.danubehome.com | in,danube-buildmart-gift-card,https://buyhatke.com/gift-cards/danube-buildmart-gift-card
low,DeVagabond,devagbond.com,buyhatke,,devagabond-gift-card,https://buyhatke.com/gift-cards/devagabond-gift-card
low,Discord,mintroute.com,maximize,,discord,https://www.maximize.money/gift-cards/Discord/1081
low,Dominos Pizza (Custom),brandpts.com,maximize,,dominos,https://www.maximize.money/gift-cards/Dominos/1017
low,Dune London-Luxe,luxegiftcard.com,maximize,pinelabs.com,dune-london-luxe,https://www.maximize.money/gift-cards/Dune London-Luxe/383
low,EazyDiner,b.ezyd.in,buyhatke,ezyd.in,eazydiner-gift-card,https://buyhatke.com/gift-cards/eazydiner-gift-card
low,ET Prime,economictimes.indiatimes.com,buyhatke,indiatimes.com,et-prime-gift-card,https://buyhatke.com/gift-cards/et-prime-gift-card
low,Euphoria Diamond,euphoriajewellery.in,maximize,,euphoria-diamond,https://www.maximize.money/gift-cards/Euphoria Diamond/781
low,Euphoria Diamond Jewellery,euphoriajewellery.in,buyhatke,,euphoria-diamond-jewellery-gift-card,https://buyhatke.com/gift-cards/euphoria-diamond-jewellery-gift-card
low,Euphoria Gold Coin,euphoriajewellery.in,maximize,,euphoria-gold-coin,https://www.maximize.money/gift-cards/Euphoria Gold Coin/393
low,Euphoria Gold Coin,euphoriajewellery.in,buyhatke,,euphoria-gold-coin-gift-card,https://buyhatke.com/gift-cards/euphoria-gold-coin-gift-card
low,Euphoria Gold Jewellery,euphoriajewellery.in,buyhatke,,euphoria-gold-jewellery-gift-card,https://buyhatke.com/gift-cards/euphoria-gold-jewellery-gift-card
low,Euphoria Silver Coin,euphoriajewellery.in,buyhatke,,euphoria-silver-coin-gift-card,https://buyhatke.com/gift-cards/euphoria-silver-coin-gift-card
low,Faasos,eatsure.com,gyftr,,faasos,https://www.gyftr.com/faasos
low,Fastrack SmartWatch (1 Day Wait),titan.co.in,buyhatke,,fastrack-smartwatch-(1-day-wait)-gift-card,https://buyhatke.com/gift-cards/fastrack-smartwatch-(1-day-wait)-gift-card
low,Ferns N Petals,fnp.com,gyftr,,ferns-n-petals,https://www.gyftr.com/ferns-n-petals
low,Ferns N Petals,fnp.com,maximize,,ferns-n-petals,https://www.maximize.money/gift-cards/Ferns N Petals/274
low,Ferns N Petals,fnp.com,buyhatke,,ferns-n-petals-gift-card,https://buyhatke.com/gift-cards/ferns-n-petals-gift-card
low,FUTURE WORLD - APPLE RESELLER,futureworldindia.co.in,gyftr,futureworldindia.in,future-world,https://www.gyftr.com/future-world
low,Future World Apple,futureworldindia.in,buyhatke,futureworldindia.co.in,future-world-apple-gift-card,https://buyhatke.com/gift-cards/future-world-apple-gift-card
low,Gas-Luxe,luxegiftcard.com,maximize,pinelabs.com,gas-luxe,https://www.maximize.money/gift-cards/Gas-Luxe/399
low,Hamleys - LUXE,luxegiftcard.com,maximize,pinelabs.com,hamleys-luxe,https://www.maximize.money/gift-cards/Hamleys - LUXE/405
low,Hugo Boss,luxegiftcard.com,buyhatke,,hugo-boss-gift-card,https://buyhatke.com/gift-cards/hugo-boss-gift-card
low,Hugo Boss Luxe,luxegiftcard.com,buyhatke,pinelabs.com,hugo-boss-luxe-gift-card,https://buyhatke.com/gift-cards/hugo-boss-luxe-gift-card
low,Hugo Boss-Luxe,luxegiftcard.com,maximize,pinelabs.com,hugo-boss-luxe,https://www.maximize.money/gift-cards/Hugo Boss-Luxe/899
low,Imagine Apple Premium,myimaginestore.com,buyhatke,,imagine-apple-premium-gift-card,https://buyhatke.com/gift-cards/imagine-apple-premium-gift-card
low,Imagine Apple Premium Reseller,myimaginestore.com,maximize,,imagine-apple-premium-reseller,https://www.maximize.money/gift-cards/Imagine Apple Premium Reseller/467
low,Jos Alukkas Coin,josalukkasonline.com,buyhatke,,jos-alukkas-coin-gift-card,https://buyhatke.com/gift-cards/jos-alukkas-coin-gift-card
low,Jos Alukkas Diamond,josalukkasonline.com,maximize,,jos-alukkas-diamond,https://www.maximize.money/gift-cards/Jos Alukkas Diamond/852
low,Jos Alukkas Diamond,josalukkasonline.com,buyhatke,,jos-alukkas-diamond-gift-card,https://buyhatke.com/gift-cards/jos-alukkas-diamond-gift-card
low,Jos Alukkas Gold Coin,josalukkasonline.com,maximize,,jos-alukkas-gold-coin,https://www.maximize.money/gift-cards/Jos Alukkas Gold Coin/483
low,Jos Alukkas Gold Jewellery,josalukkasonline.com,maximize,,jos-alukkas-gold-jewellery,https://www.maximize.money/gift-cards/Jos Alukkas Gold Jewellery/344
low,Kalyan Diamond,kalyanjewellers.net,buyhatke,,kalyan-diamond-gift-card,https://buyhatke.com/gift-cards/kalyan-diamond-gift-card
low,Kalyan Gold Jewellery,kalyanjewellers.net,buyhatke,,kalyan-gold-jewellery-gift-card,https://buyhatke.com/gift-cards/kalyan-gold-jewellery-gift-card
low,Kate Spade-Luxe,luxegiftcard.com,maximize,pinelabs.com,kate-spade-luxe,https://www.maximize.money/gift-cards/Kate Spade-Luxe/560
low,Liberty Online,libertyshoesonline.com,gyftr,,liberty-online,https://www.gyftr.com/liberty-online
low,Liberty Online,libertyshoesonline.com,maximize,,liberty-online,https://www.maximize.money/gift-cards/Liberty Online/752
low,Lifestyle Online,lifestylestores.com,gyftr,homecentre.in,lifestyle-online,https://www.gyftr.com/lifestyle-online
low,Lifestyle Online,lifestylestores.com,maximize,homecentre.in,lifestyle-online,https://www.maximize.money/gift-cards/Lifestyle Online/572
low,Love Beauty Planet,lovebeautyandplanet.in,buyhatke,,love-beauty-planet-gift-card,https://buyhatke.com/gift-cards/love-beauty-planet-gift-card
low,Lunch Box,eatsure.com,gyftr,,lunch-box,https://www.gyftr.com/lunch-box
low,Malabar Diamond (Custom),malabargoldanddiamonds.com,maximize,,malabar-diamond,https://www.maximize.money/gift-cards/Malabar Diamond (Custom)/880
low,Malabar Diamonds,malabargoldanddiamonds.co,gyftr,,malabar-diamonds,https://www.gyftr.com/malabar-diamonds
low,Malabar Diamonds,malabargoldanddiamonds.com,buyhatke,,malabar-diamonds-gift-card,https://buyhatke.com/gift-cards/malabar-diamonds-gift-card
low,Malabar Diamonds 1 Day Wait,malabargoldanddiamonds.com,buyhatke,,malabar-diamonds-(1-day-wait)-gift-card,https://buyhatke.com/gift-cards/malabar-diamonds-(1-day-wait)-gift-card
low,Malabar Gold Coin,malabargoldanddiamonds.com,gyftr,,malabar-gold-coin,https://www.gyftr.com/malabar-gold-coin
low,Malabar Gold Coin,malabargoldanddiamonds.com,maximize,,malabar-gold-coin,https://www.maximize.money/gift-cards/Malabar Gold Coin/306
low,Malabar Gold Jewellery,malabargoldanddiamonds.com,buyhatke,,malabar-gold-jewellery-gift-card,https://buyhatke.com/gift-cards/malabar-gold-jewellery-gift-card
low,Malabar Jewellery,malabargoldanddiamonds.com,gyftr,,malabar-jewellery,https://www.gyftr.com/malabar-jewellery
low,Marks & Spencer,marksandspencer.in,gyftr,,marks-&-spencer,https://www.gyftr.com/marks-&-spencer
low,Marks & Spencer,marksandspencer.in,maximize,brandpts.com,marks-&-spencer-279,https://www.maximize.money/gift-cards/Marks &amp; Spencer/279
low,Michael Kors-Luxe,luxegiftcard.com,maximize,pinelabs.com,michael-kors-luxe,https://www.maximize.money/gift-cards/Michael Kors-Luxe/583
low,Moba Legends 5v5,redeemcodenow.com,gyftr,,moba-legends-5v5,https://www.gyftr.com/moba-legends-5v5
low,Moba Legends 5v5,redeemcodenow.com,maximize,,moba-legends-5v5,https://www.maximize.money/gift-cards/Moba Legends 5v5/963
low,MOTHER CARE-Luxe,luxegiftcard.com,maximize,pinelabs.com,mother-care-luxe,https://www.maximize.money/gift-cards/MOTHER CARE-Luxe/932
low,Nua Women,nuawoman.com,maximize,,nua-women,https://www.maximize.money/gift-cards/Nua Women/806
low,Nua Women,nuawoman.com,buyhatke,,nua-women-gift-card,https://buyhatke.com/gift-cards/nua-women-gift-card
low,Nykaa Men,myglamm.com,maximize,,nykaa-men,https://www.maximize.money/gift-cards/Nykaa Men/341
low,Oven Story,eatsure.com,gyftr,,oven-story,https://www.gyftr.com/oven-story
low,Oven Story,eatsure.com,buyhatke,,oven-story-gift-card,https://buyhatke.com/gift-cards/oven-story-gift-card
low,Ovenstory,qwikcilver.com,maximize,eatsure.com,ovenstory,https://www.maximize.money/gift-cards/Ovenstory/659
low,PC Chandra Gems Gold Coin,pcchandraindia.com,buyhatke,,pc-chandra-gems-gold-coin-gift-card,https://buyhatke.com/gift-cards/pc-chandra-gems-gold-coin-gift-card
low,PC Chandra Gold Coin,pcchandraindia.com,maximize,,pc-chandra-gold-coin,https://www.maximize.money/gift-cards/PC Chandra Gold Coin/939
low,PC Chandra Gold Coin,pcchandraindia.com,buyhatke,,pc-chandra-gold-coin-gift-card,https://buyhatke.com/gift-cards/pc-chandra-gold-coin-gift-card
low,PCJ Diamond,pcjeweller.com,buyhatke,,pcj-diamond-gift-card,https://buyhatke.com/gift-cards/pcj-diamond-gift-card
low,PCJ Gold Coin,pcjeweller.com,buyhatke,,pcj-gold-coin-gift-card,https://buyhatke.com/gift-cards/pcj-gold-coin-gift-card
low,PCJ Gold Jewellery,pcjeweller.com,buyhatke,,pcj-gold-jewellery-gift-card,https://buyhatke.com/gift-cards/pcj-gold-jewellery-gift-card
low,Pronto,brandpts.com,maximize,,pronto,https://www.maximize.money/gift-cards/Pronto/1033
low,Pure Home & Living,purehomeandliving.com,maximize,,pure-home-amp-living,https://www.maximize.money/gift-cards/Pure Home &amp; Living/604
low,Pure Home + Living,purehomeandliving.com,gyftr,,pure-home-living,https://www.gyftr.com/pure-home-living
low,Pure Home Living,purehomeandliving.com,buyhatke,,pure-home-living-gift-card,https://buyhatke.com/gift-cards/pure-home-living-gift-card
low,PVR INOX,pvrcinemas.com,gyftr,inoxmovies.com,pvr,https://www.gyftr.com/pvr
low,Rainbow Six Mobile,redeemnow.com,gyftr,,rainbow-six-mobile,https://www.gyftr.com/rainbow-six-mobile
low,Rainbow Six Mobile,redeemnow.com,maximize,,rainbow-six-mobile,https://www.maximize.money/gift-cards/Rainbow Six Mobile/1123
low,Reader's Digest,subscriptions.intoday.in,gyftr,intoday.in,readers-digest,https://www.gyftr.com/readers-digest
low,Riot League of Legends 1660,riotgames.com,maximize,,riot-league-of-legends-1660,https://www.maximize.money/gift-cards/Riot League of Legends 1660/1022
low,Riot League of Legends 2900,riotgames.com,maximize,,riot-league-of-legends-2900,https://www.maximize.money/gift-cards/Riot League of Legends 2900/1023
low,Riot League of Legends 415,riotgames.com,maximize,,riot-league-of-legends-415,https://www.maximize.money/gift-cards/Riot League of Legends 415/1020
low,Riot League of Legends 4150,riotgames.com,maximize,,riot-league-of-legends-4150,https://www.maximize.money/gift-cards/Riot League of Legends 4150/1024
low,Riot League of Legends 830,riotgames.com,maximize,,riot-league-of-legends-830,https://www.maximize.money/gift-cards/Riot League of Legends 830/1021
low,Satya Paul-Luxe,luxegiftcard.com,maximize,pinelabs.com,satya-paul-luxe,https://www.maximize.money/gift-cards/Satya Paul-Luxe/475
low,Scotch and Soda-Luxe,luxegiftcard.com,maximize,pinelabs.com,scotch-and-soda-luxe,https://www.maximize.money/gift-cards/Scotch and Soda-Luxe/476
low,Scotch Soda Luxe,luxegiftcard.com,buyhatke,u00a0luxegiftcard.com,scotch-soda-luxe-gift-card,https://buyhatke.com/gift-cards/scotch-soda-luxe-gift-card
low,Skullcandy,shop.brandeyes.in,gyftr,brandeyes.in,skullcandy,https://www.gyftr.com/skullcandy
low,Sri Jagdamba Pearls,jpearls.com,buyhatke,,sri-jagdamba-pearls-gift-card,https://buyhatke.com/gift-cards/sri-jagdamba-pearls-gift-card
low,Steam Gift Card,steampowered.com,gyftr,,steam-gift-card,https://www.gyftr.com/steam-gift-card
low,Steam Wallet,steampowered.com,gyftr,store.steampowered.com,steam-wallet,https://www.gyftr.com/steam-wallet
low,Steve Madde Luxe,luxegiftcard.com,buyhatke,pinelabs.com,steve-madde-luxe-gift-card,https://buyhatke.com/gift-cards/steve-madde-luxe-gift-card
low,Steve Madde-Luxe,luxegiftcard.com,maximize,pinelabs.com,steve-madde-luxe,https://www.maximize.money/gift-cards/Steve Madde-Luxe/901
low,Sun Scoop,innovist.com,buyhatke,,sun-scoop-gift-card,https://buyhatke.com/gift-cards/sun-scoop-gift-card
low,Superdry - Luxe,luxegiftcard.com,maximize,pinelabs.com,superdry-luxe,https://www.maximize.money/gift-cards/Superdry-Luxe/902
low,Sweet Truth,eatsure.com,gyftr,,sweet-truth,https://www.gyftr.com/sweet-truth
low,Sweet Truth,eatsure.com,maximize,,sweet-truth,https://www.maximize.money/gift-cards/Sweet Truth/692
low,Sweet Truth,eatsure.com,buyhatke,,sweet-truth-gift-card,https://buyhatke.com/gift-cards/sweet-truth-gift-card
low,Tagg,amdigital.in,buyhatke,,tagg-gift-card,https://buyhatke.com/gift-cards/tagg-gift-card
low,The Good Bowl,eatsure.com,gyftr,,the-good-bowl,https://www.gyftr.com/the-good-bowl
low,The Good Bowl,eatsure.com,maximize,,the-good-bowl,https://www.maximize.money/gift-cards/The Good Bowl/697
low,The Good Bowl,eatsure.com,buyhatke,,the-good-bowl-gift-card,https://buyhatke.com/gift-cards/the-good-bowl-gift-card
low,Third Wave Coffee,cdn.razorpay.com,buyhatke,razorpay.com,third-wave-coffee-gift-card,https://buyhatke.com/gift-cards/third-wave-coffee-gift-card
low,Tumi - Luxe,luxegiftcard.com,maximize,pinelabs.com,tumi---luxe-1116,https://www.maximize.money/gift-cards/Tumi - Luxe/1116
low,Urban Ladder,urbanlader.com,buyhatke,,urban-ladder-gift-card,https://buyhatke.com/gift-cards/urban-ladder-gift-card
low,Valorant,riotgames.com,gyftr,,valorant,https://www.gyftr.com/valorant
low,Valorant,riotgames.com,buyhatke,,valorant-gift-card,https://buyhatke.com/gift-cards/valorant-gift-card
low,Valorant Gift Card,riotgames.com,gyftr,shop.riotgames.com | prepaidcards.riotgames.com,valorant-gift-card,https://www.gyftr.com/valorant-gift-card
low,Veridicus,odhilife.com,buyhatke,,veridicus-gift-card,https://buyhatke.com/gift-cards/veridicus-gift-card
low,Wendy's,eatsure.com,maximize,,wendy-s,https://www.maximize.money/gift-cards/Wendy's/704
low,Wendys,eatsure.com,buyhatke,,wendys-gift-card,https://buyhatke.com/gift-cards/wendys-gift-card
low,Wow Chicken,brandpts.com,buyhatke,,wow-chicken-gift-card,https://buyhatke.com/gift-cards/wow-chicken-gift-card
low,Wow Momo,brandpts.com,buyhatke,,wow-momo-gift-card,https://buyhatke.com/gift-cards/wow-momo-gift-card
