brand,sellers,listing_active,where_voucher_works,website,how_confirmed,notes
 Paul Smith- Luxe Gift Card,gyftr,yes,store only,paulsmith.com,page loaded and checked 2026-09-17,
Abraham & Thakore- Luxe Gift Card,gyftr,yes,store only,abrahamandthakore.com,page loaded and checked 2026-09-17,
Abraham Thakore Luxe In Store,buyhatke,yes,store only,abrahamandthakore.com,page loaded and checked 2026-09-17,
Absolute Barbecues,buyhatke + maximize,yes,store only,absolutebarbecues.com,web search + terms: absolutebarbecues.com; buffet restaurant,
Absolute Barbecues In Store,buyhatke,yes,store only,absolutebarbecues.com,page loaded and checked 2026-09-17,
Absolute Barbeque,gyftr,yes,store only,absolutebarbecues.com,page loaded and checked 2026-09-17,
Adani Meet and Greet,gyftr,no,website,adanione.com,extension list (#26),
Adidas Kids Luxe In Store,buyhatke,yes,store only,adidas.co.in,"site exists, blocks automatic visits (checked 2026-09-17)",
Adidas Kids-Luxe Gift Card,gyftr,yes,store only,adidas.co.in,"site exists, blocks automatic visits (checked 2026-09-17)",
Adventra,gyftr,yes,website,adventrasports.com,extension list (#26),
Aeropostale BAGLINE,buyhatke,yes,website,bagline.com,extension list (#26),
Aeropostale In Store,buyhatke,yes,store only,,web search 2026-09-17,aeropostale.in has been taken over by a gambling site; in India the brand sells via Arvind's aeropostale.nnnow.com
Affinity - Luzo Gift Card,gyftr,yes,app only,luzo.app,terms: services booked through the Luzo app; real site luzo.app (luzoapp.com is a lookalike),
Air India,buyhatke + gyftr + maximize,yes,website,airindia.com,extension list (#26),
Air India Add-ons,gyftr,yes,store only,airindia.com,site did not answer an automatic visit (2026-09-17),
Air India Domestic Gift Card,gyftr,yes,website,airindia.com,confirmed 2026-09-10: auto: name in address,
Air India Fly Rajasthan,gyftr,yes,store only,airindia.com,site did not answer an automatic visit (2026-09-17),
Airtel Xstream,gyftr,no,website,airtelxstream.in,extension list (#26),
AJIO,buyhatke + gyftr + maximize,yes,website,ajio.com,extension list (#26),
Ajio Luxe,buyhatke + gyftr + maximize,yes,website,ajio.com,confirmed 2026-09-10: auto: name in address,
ALDO,buyhatke + gyftr + maximize,yes,store only,aldoshoes.in,web search: aldoshoes.in; brand's terms: accepted at listed Inglot / Victoria's Secret / Bath & Body Works / R&B stores; Gyftr: CANNOT be used online,
ALDO In Store,buyhatke,yes,store only,aldoshoes.in,page loaded and checked 2026-09-17,
Aliste,buyhatke + gyftr + maximize,yes,website,alistetechnologies.com,extension list (#26),
Allen Solly,maximize,yes,store only,allensolly.abfrl.in,page loaded and checked 2026-09-17,
Allen Solly Gift Voucher,gyftr,no,store only,allensolly.abfrl.in,page loaded and checked 2026-09-17,
Allen Solly In Store,buyhatke,yes,store only,allensolly.abfrl.in,page loaded and checked 2026-09-17,
Amazon,gyftr + maximize,yes,website,amazon.in,extension list (#26),
Amazon Fresh,buyhatke + gyftr,yes,website,amazon.in,confirmed 2026-09-10: auto: name in address,
Amazon Shopping,buyhatke,yes,website,amazon.in,confirmed 2026-09-10: auto: name in address,
Amazon Shopping Voucher,gyftr,yes,website,amazon.in,confirmed 2026-09-10: auto: name in address,
American Eagle,buyhatke + maximize,yes,website,aeo.in,extension list (#26),
American Eagle Gift Voucher,gyftr,yes,store only,aeo.in,page loaded and checked 2026-09-17,
American Eagle In Store,buyhatke,yes,store only,aeo.in,page loaded and checked 2026-09-17,
American Tourister,gyftr + maximize,yes,store only,americantourister.in,page loaded and checked 2026-09-17,
American Tourister In Store,buyhatke,yes,store only,americantourister.in,page loaded and checked 2026-09-17,
APOLLO DIAGNOSTICS,buyhatke + gyftr + maximize,yes,website,apollo247.com,extension list (#26),
Apollo Healing,buyhatke,yes,website,apollopharmacy.in,web search: apollopharmacy.in; terms: Apollo Pharmacy online and stores,
Apollo Pharmacy,gyftr,yes,website,apollopharmacy.in,extension list (#26),
App Store Code,gyftr,no,website,apple.com,extension list (#26),
Apparel Group,gyftr,yes,store only,apparelgroup.in,page loaded and checked 2026-09-17,
Apple Premium 6M In Store 3 Day Wait,buyhatke,yes,store only,apple.com,page loaded and checked 2026-09-17,
Apple Premium In Store,buyhatke,yes,store only,apple.com,page loaded and checked 2026-09-17,
AppyHigh Prime,buyhatke + maximize,yes,website,appyhigh.com,extension list (#26),
Archies,buyhatke,yes,website,archiesonline.com,extension list (#26),
Archies Gallery,buyhatke + gyftr + maximize,yes,website,archiesonline.com,confirmed 2026-09-10: auto: name in address,
Armani Exchange Luxe In Store,buyhatke,yes,store only,armaniexchange.in,page loaded and checked 2026-09-17,
Armani Exchange-Luxe,buyhatke + maximize,yes,website,armaniexchange.in,"Luxe card terms (luxegiftcard.com/terms-and-conditions) list 8 brand sites where it works online: superdry.in, stevemadden.in, mothercare.in, gasjeans.in, dieselindia.com, armaniexchange.in, muji.in, sunglasshut.in",
Armani Exchange-Luxe Gift Card,gyftr,no,website,armaniexchange.in,extension list (#26),
Asia Seven Express,maximize,yes,store only,lbf.co.in,web search 2026-09-17,a Lite Bite Foods brand; no website of its own
Asia Seven Express In Store,buyhatke,yes,store only,lbf.co.in,web search 2026-09-17,a Lite Bite Foods brand; no website of its own
Assembly,buyhatke + gyftr + maximize,yes,website,assemblytravel.com,extension list (#26),
Aurelia,gyftr + maximize,yes,store only,shopforaurelia.com,page loaded and checked 2026-09-17,
Aurelia In Store,buyhatke,yes,store only,shopforaurelia.com,page loaded and checked 2026-09-17,
Auric,buyhatke + gyftr + maximize,yes,website,theauric.com,extension list (#26),
BAGLINE,buyhatke + maximize,yes,website,bagline.com,verified in Aug 2026 audit,
Bakingo,buyhatke + gyftr + maximize,yes,website,bakingo.com,extension list (#26),
Balenciaga Luxe In Store,buyhatke,yes,store only,balenciaga.com,"site exists, blocks automatic visits (checked 2026-09-17)",
Bally Luxe In Store,buyhatke,yes,store only,bally.com,page loaded and checked 2026-09-17,
Bally-Luxe Gift Card,gyftr,yes,store only,bally.com,page loaded and checked 2026-09-17,
Barbeque Nation,gyftr + maximize,yes,store only,barbequenation.com,page loaded and checked 2026-09-17,
Barbeque Nation In Store,buyhatke,yes,store only,barbequenation.com,page loaded and checked 2026-09-17,
Barbeque Nation Value Voucher,gyftr,no,store only,barbequenation.com,page loaded and checked 2026-09-17,
Baskin Robbins,gyftr + maximize,yes,store only,baskinrobbinsindia.com,page loaded and checked 2026-09-17,
Baskin Robbins In Store,buyhatke,yes,store only,baskinrobbinsindia.com,page loaded and checked 2026-09-17,
Bata,gyftr + maximize,yes,store only,bata.com,"site exists, blocks automatic visits (checked 2026-09-17)",
Bata In Store,buyhatke,yes,store only,bata.com,"site exists, blocks automatic visits (checked 2026-09-17)",
Bath & Body Works,buyhatke + gyftr,yes,store only,bathandbodyworks.in,web search: bathandbodyworks.in; brand's terms: accepted at listed Inglot / Victoria's Secret / Bath & Body Works / R&B stores; Gyftr: CANNOT be used online,
Bath and Body Works,maximize,yes,store only,bathandbodyworks.in,page loaded and checked 2026-09-17,
Bath Body Works In Store,buyhatke,yes,store only,bathandbodyworks.in,page loaded and checked 2026-09-17,
Bblunt - Luzo Gift Card,gyftr,yes,app only,luzo.app,terms: services booked through the Luzo app; real site luzo.app (luzoapp.com is a lookalike),
Bear House,buyhatke,yes,website,thebearhouse.com,extension list (#26),
Beer Cafe,gyftr,yes,store only,beercafe.in,page loaded and checked 2026-09-17,
Beer Cafe In Store,buyhatke,yes,store only,beercafe.in,page loaded and checked 2026-09-17,
Behrouz Biryani,buyhatke + gyftr + maximize,yes,website,behrouzbiryani.com,extension list (#26),
Beverly Hills Polo Club,gyftr + maximize,yes,store only,bhpcindia.com,page loaded and checked 2026-09-17,
Beverly Hills Polo Club In Store,buyhatke,yes,store only,bhpcindia.com,page loaded and checked 2026-09-17,
Beyoung,buyhatke + gyftr + maximize,yes,website,beyoung.in,extension list (#26),
BGMI,maximize,yes,website,battlegroundsmobileindia.com,extension list (#26),
BGMI UC Official Voucher,gyftr,yes,website,unipin.com,confirmed 2026-09-10: checked by hand,
BGMI UniPin,buyhatke,yes,website,unipin.com,confirmed 2026-09-10: checked by hand,
Bhima Jewellers - Coin,maximize,yes,store only,bhimagold.com,web search 2026-09-17,Bhima's gift card page says the card also works on bhimagold.com
Bhima Jewellers Coin In Store,buyhatke,yes,store only,bhimagold.com,web search 2026-09-17,Bhima's gift card page says the card also works on bhimagold.com
Bhima Jewellers Jewellery In Store,buyhatke,yes,store only,bhimagold.com,web search 2026-09-17,
Bhima Jewellery,maximize,yes,store only,bhimagold.com,web search 2026-09-17,
BIBA,buyhatke + gyftr,yes,website,biba.in,extension list (#26),
BigBasket,buyhatke + gyftr + maximize,yes,website,bigbasket.com,extension list (#26),
Bikanervala,maximize,yes,store only,bikanervala.com,page loaded and checked 2026-09-17,
Bikanervala In Store,buyhatke,yes,store only,bikanervala.com,page loaded and checked 2026-09-17,
Birkenstock,buyhatke + maximize,yes,website,birkenstock.in,extension list (#26),
Black Decker,buyhatke,yes,website,appliancesblackanddecker.in,extension list (#26),
Blaupunkt,buyhatke + maximize,yes,website,blaupunkt.com,extension list (#26),
Blinkit,buyhatke + maximize,yes,website,blinkit.com,same brand on record (Blinkit Gift Card),
Blinkit Gift Card,gyftr,yes,website,blinkit.com,extension list (#26),
Blissclub,buyhatke + gyftr + maximize,yes,website,blissclub.com,extension list (#26),
Blue Tokai Coffe,maximize,yes,website,bluetokaicoffee.com,web search + terms: bluetokaicoffee.com,
Blue Tokai Coffee,buyhatke,yes,website,bluetokaicoffee.com,extension list (#26),
BlueStone Diamond,maximize,yes,website,bluestone.com,confirmed 2026-09-10: auto: name in address,
Bo TAi,gyftr,yes,store only,massiverestaurants.com,web search 2026-09-17,a Massive Restaurants brand; botai.in is an unrelated AI company
Boat,buyhatke + maximize,yes,website,boat-lifestyle.com,extension list (#26),
Bobbi Brown,gyftr,yes,store only,bobbibrown.in,"site exists, blocks automatic visits (checked 2026-09-17)",
Boditive,buyhatke + maximize,yes,website,boditive.com,extension list (#26),
Body Craft (Clinic),maximize,yes,store only,bodycraft.co.in,page loaded and checked 2026-09-17,
Body Craft (Salon),maximize,yes,store only,bodycraft.co.in,page loaded and checked 2026-09-17,
Body Craft In Store,buyhatke,yes,store only,bodycraft.co.in,page loaded and checked 2026-09-17,
BookMyShow,buyhatke + maximize,yes,website,bookmyshow.com,extension list (#26),
Bottega Veneta Luxe In Store,buyhatke,yes,store only,bottegaveneta.com,"site exists, blocks automatic visits (checked 2026-09-17)",
BOTTEGA VENETA- Luxe Gift Card,gyftr,no,store only,bottegaveneta.com,"site exists, blocks automatic visits (checked 2026-09-17)",
Bounce - Luzo Gift Card,gyftr,yes,app only,luzo.app,terms: services booked through the Luzo app; real site luzo.app (luzoapp.com is a lookalike),
BPCL,buyhatke,yes,app only,bharatpetroleum.in,"web search: bharatpetroleum.in; terms: added in HelloBPCL app, used at petrol pumps",
BPCL SmartDrive Fuel,maximize,yes,store only,bharatpetroleum.in,page loaded and checked 2026-09-17,
BPCL SmartDrive Fuel e-voucher,gyftr,no,store only,bharatpetroleum.in,page loaded and checked 2026-09-17,
BrainGymJr,buyhatke + gyftr,yes,website,braingymjr.com,extension list (#26),
BrainGymJr Gift Voucher,maximize,yes,website,braingymjr.com,confirmed 2026-09-10: auto: name in address,
Brooks Brothers -Luxe Gift Card,gyftr,no,website,brooksbrothers.in,extension list (#26),
Brooks Brothers Luxe In Store,buyhatke,yes,store only,brooksbrothers.in,page loaded and checked 2026-09-17,
Brooks Brothers-Luxe,buyhatke + maximize,yes,store only,brooksbrothers.in,"Luxe card works online only on 8 brand sites (luxegiftcard.com/terms-and-conditions); this brand is not one, so stores only",
Bubbles - Luzo Gift Card,gyftr,yes,app only,luzo.app,terms: services booked through the Luzo app; real site luzo.app (luzoapp.com is a lookalike),
BuyWithEMI,buyhatke + maximize,yes,website,buywithemi.com,extension list (#26),
Cafe Coffee Day,buyhatke,yes,website,cafecoffeeday.com,web search: cafecoffeeday.com; terms: card number shared at store billing or website checkout,
Cafe Delhi Heights,gyftr,yes,store only,cafedelhiheights.com,page loaded and checked 2026-09-17,
Cafe Delhi Heights In Store,buyhatke,yes,store only,cafedelhiheights.com,page loaded and checked 2026-09-17,
CAHOOT,gyftr,yes,website,cahoot.in,extension list (#26),
Call it Spring,gyftr + maximize,yes,store only,aldoshoes.in,web search 2026-09-17,run by ALDO in India (aldoshoes.in/call-it-spring-page); callitspringindia.co.in looks like a lookalike
CALL IT SPRING In Store,buyhatke,yes,store only,aldoshoes.in,web search 2026-09-17,run by ALDO in India (aldoshoes.in/call-it-spring-page); callitspringindia.co.in looks like a lookalike
Campus,gyftr + maximize,yes,website,campusshoes.com,extension list (#26),
Campus In Store,buyhatke,yes,store only,campusshoes.com,page loaded and checked 2026-09-17,
Canali Luxe In Store,buyhatke,yes,store only,canali.com,page loaded and checked 2026-09-17,
Canali- Luxe Gift Card,gyftr,yes,store only,canali.com,page loaded and checked 2026-09-17,
Candere Diamond Jewellery,buyhatke + gyftr + maximize,yes,website,candere.com,confirmed 2026-09-10: auto: name in address,
Candere Gold Coin,buyhatke + gyftr + maximize,yes,website,candere.com,extension list (#26),
Candere Gold Jewellery,buyhatke + gyftr + maximize,yes,website,candere.com,confirmed 2026-09-10: auto: name in address,
CaratLane,buyhatke,yes,website,caratlane.com,extension list (#26),
Cello,buyhatke + gyftr,yes,website,celloworld.com,extension list (#26),
CGH Earth,buyhatke + maximize,yes,website,cghearth.com,extension list (#26),
CGH Earth In Store,buyhatke,yes,store only,cghearth.com,page loaded and checked 2026-09-17,
CHARLES & KEITH,gyftr,yes,store only,charleskeith.in,page loaded and checked 2026-09-17,
Charles and Keith,buyhatke + maximize,yes,store only,charleskeith.in,"web search: charleskeith.in is official (charlesandkeithindia.co.in, charles-keith.in, charlesandkeithsindia.com are lookalikes); brand's terms: accepted at listed Inglot / Victoria's Secret / Bath & Body Works / R&B stores; Gyftr: CANNOT be used online",
CHARLES KEITH In Store,buyhatke,yes,store only,charleskeith.in,page loaded and checked 2026-09-17,
Charles Tyrwhitt Luxe In Store,buyhatke,yes,store only,charlestyrwhitt.com,page loaded and checked 2026-09-17,
CHARLES TYRWHITT- Luxe Gift Card,gyftr,yes,store only,charlestyrwhitt.com,page loaded and checked 2026-09-17,
Chicago Pizza,gyftr,no,store only,chicagopizza.in,web search 2026-09-17,
Chicago Pizza In Store,buyhatke,yes,store only,chicagopizza.in,web search 2026-09-17,
Chicco,buyhatke,yes,website,chicco.in,extension list (#26),
Chumbak,gyftr + maximize,yes,store only,chumbak.com,page loaded and checked 2026-09-17,
Chumbak In Store,buyhatke,yes,store only,chumbak.com,page loaded and checked 2026-09-17,
Chunmun In Store,buyhatke,yes,store only,chunmun.com,page loaded and checked 2026-09-17,
Cinepolis,buyhatke + gyftr + maximize,yes,website,cinepolisindia.com,extension list (#26),
Citizen Watches,buyhatke + gyftr + maximize,yes,website,citizenwatches.co.in,extension list (#26),
CLAYCO,buyhatke + gyftr,yes,website,clayco.in,extension list (#26),
Cleartax,buyhatke + gyftr + maximize,yes,website,cleartax.in,extension list (#26),
Cleartrip,buyhatke + gyftr + maximize,yes,website,cleartrip.com,extension list (#26),
Cleartrip Hotel,gyftr,yes,website,cleartrip.com,confirmed 2026-09-10: auto: name in address,
Cleartrip Hotels,maximize,yes,website,cleartrip.com,confirmed 2026-09-10: auto: name in address,
Cloud tailor,buyhatke,yes,website,cloudtailor.in,extension list (#26),
Clovia,gyftr,no,website,clovia.com,extension list (#26),
Coach Luxe,buyhatke,yes,store only,,"Luxe card works online only on 8 brand sites (luxegiftcard.com/terms-and-conditions); this brand is not one, so stores only",
Coach luxe In Store,buyhatke,no,store only,coach.com,"site exists, blocks automatic visits (checked 2026-09-17)",
Coach-Luxe Gift Card,gyftr,no,store only,coach.com,"site exists, blocks automatic visits (checked 2026-09-17)",
ColorPlus,gyftr + maximize,yes,store only,myraymond.com,web search 2026-09-17,Raymond's shop for ColorPlus
ColorPlus In Store,buyhatke,yes,store only,myraymond.com,web search 2026-09-17,Raymond's shop for ColorPlus
Columbia Sportswear,gyftr + maximize,yes,store only,columbiasportswear.co.in,page loaded and checked 2026-09-17,
Cordelia,gyftr,yes,website,cordeliacruises.com,extension list (#26),
Cordelia Cruises,maximize,yes,website,cordeliacruises.com,confirmed 2026-09-10: auto: name in address,
Cosmopolitan India,maximize,yes,website,cosmopolitan.in,extension list (#26),
Cosmus,buyhatke,yes,website,cosmus.in,extension list (#26),
Costa Coffee,gyftr + maximize,yes,store only,costacoffee.in,site did not answer an automatic visit (2026-09-17),
Costa Coffee In Store,buyhatke,yes,store only,costacoffee.in,site did not answer an automatic visit (2026-09-17),
Croma,buyhatke + gyftr + maximize,yes,website,croma.com,extension list (#26),
Crossword,buyhatke + gyftr + maximize,yes,website,crossword.in,extension list (#26),
Cult,maximize,no,website,cult.fit,extension list (#26),
Cult Gift Card,gyftr,yes,website,cult.fit,verified in Aug 2026 audit,
Cut & Style - Luzo Gift Card,gyftr,yes,app only,luzo.app,terms: services booked through the Luzo app; real site luzo.app (luzoapp.com is a lookalike),
Daily Objects,buyhatke + gyftr + maximize,yes,website,dailyobjects.com,extension list (#26),
DANUBE BUILDMART,buyhatke,yes,website,danubehome.com,extension list (#26),
Decathlon,buyhatke + gyftr + maximize,yes,website,decathlon.in,extension list (#26),
Decathlon - Fixed,maximize,yes,website,decathlon.in,confirmed 2026-09-10: auto: name in address,
DeVagabond,buyhatke,yes,website,devagabond.com,web search + page loaded 2026-09-17,devagbond.com (a misspelling in the seller's terms) does not exist
DIESEL Luxe In Store,buyhatke,yes,store only,dieselindia.com,page loaded and checked 2026-09-17,
Diesel- Luxe Gift Card,gyftr,yes,website,dieselindia.com,extension list (#26),
Discord,gyftr + maximize,yes,website,discord.com,extension list (#26),
Discovery,buyhatke,yes,website,discoveryplus.in,extension list (#26),
Discovery Plus,buyhatke + gyftr + maximize,yes,website,discoveryplus.in,confirmed 2026-09-10: auto: name in address,
District,buyhatke + maximize,yes,website,district.in,extension list (#26),
District Pass,buyhatke,yes,website,district.in,web search: district.in (District by Zomato); terms: District app and website,
DocuBay,gyftr,no,website,docubay.com,extension list (#26),
DOMINO'S,buyhatke + gyftr + maximize,yes,website,dominos.co.in,extension list (#26),
Donatekart,buyhatke + maximize,yes,website,donatekart.com,extension list (#26),
DPauls,buyhatke + maximize,yes,website,dpauls.com,extension list (#26),
DPauls Travel & Tours,gyftr,no,website,dpauls.com,confirmed 2026-09-10: auto: name in address,
DreamFolks Club Membership,gyftr,no,store only,dreamfolks.com,page loaded and checked 2026-09-17,
Dune London Luxe In Store,buyhatke,yes,store only,dunelondon.com,page loaded and checked 2026-09-17,
Dune London-Luxe,maximize,yes,store only,,"Luxe card works online only on 8 brand sites (luxegiftcard.com/terms-and-conditions); this brand is not one, so stores only",
Dune-Luxe Gift Card,gyftr,no,store only,dunelondon.com,page loaded and checked 2026-09-17,
DUROFLEX,buyhatke + gyftr + maximize,yes,website,duroflexworld.com,extension list (#26),
EA Sports,maximize,no,website,ea.com,verified in Aug 2026 audit,
EA SPORTS FC 26,gyftr,yes,website,ea.com,extension list (#26),
EA-7- Luxe Gift Card,gyftr,yes,store only,armani.com,page loaded and checked 2026-09-17,
EA7 In Store,buyhatke,yes,store only,armani.com,page loaded and checked 2026-09-17,
EaseMyTrip,buyhatke + maximize,yes,website,easemytrip.com,extension list (#26),
EaseMyTrip Holiday,buyhatke + gyftr + maximize,yes,website,easemytrip.com,confirmed 2026-09-10: auto: name in address,
EaseMyTrip Hotel,buyhatke + maximize,yes,website,easemytrip.com,confirmed 2026-09-10: auto: name in address,
EasyBuy,gyftr,yes,store only,easybuyindia.com,web search 2026-09-17,Landmark Group
easybuy In Store,buyhatke,yes,store only,easybuyindia.com,web search 2026-09-17,Landmark Group
EatSure,buyhatke + gyftr + maximize,yes,website,eatsure.com,extension list (#26),
EazyDiner,buyhatke + gyftr,no,website,b.ezyd.in,extension list (#26),
Electricity Bill Payment,gyftr,no,not a shop,,"bill payment / recharge, not a shop (inactive)",
Elivaas,gyftr + maximize,yes,website,elivaas.com,extension list (#26),
Elleven,gyftr + maximize,yes,store only,elleven.in,page loaded and checked 2026-09-17,
Elleven In Store,buyhatke,yes,store only,elleven.in,page loaded and checked 2026-09-17,
Elver,buyhatke + maximize,yes,website,elver.in,extension list (#26),
Emporio Armani Luxe In Store,buyhatke,yes,store only,armani.com,page loaded and checked 2026-09-17,
Emporio Armani- Luxe Gift Card,gyftr,yes,store only,armani.com,page loaded and checked 2026-09-17,
Enrich - Luzo Gift Card,gyftr,yes,app only,luzo.app,terms: services booked through the Luzo app; real site luzo.app (luzoapp.com is a lookalike),
Epic On 1 Year Plan,buyhatke,yes,website,epicon.in,extension list (#26),
Esbeda In Store,buyhatke,yes,store only,esbeda.com,page loaded and checked 2026-09-17,
Estele,buyhatke + gyftr + maximize,yes,website,estele.co,extension list (#26),
Estuary World,maximize,yes,website,estuaryworld.co.in,extension list (#26),
Euphoria Diamond,maximize,yes,website,euphoriajewellery.in,extension list (#26),
Euphoria Diamond Jewellery,buyhatke,yes,website,euphoriajewellery.in,confirmed 2026-09-10: auto: name in address,
Euphoria Gold Coin,buyhatke + maximize,yes,website,euphoriajewellery.in,confirmed 2026-09-10: auto: name in address,
Euphoria Gold Jewellery,buyhatke,yes,website,euphoriajewellery.in,confirmed 2026-09-10: auto: name in address,
Euphoria Jewellery Gold Coin,buyhatke + gyftr,yes,website,euphoriajewellery.in,confirmed 2026-09-10: auto: name in address,
Euphoria Jewellery Silver Coin,buyhatke + gyftr + maximize,yes,website,euphoriajewellery.in,confirmed 2026-09-10: auto: name in address,
Euphoria Silver Coin,buyhatke,yes,website,euphoriajewellery.in,confirmed 2026-09-10: auto: name in address,
ExitLag,gyftr,no,website,exitlag.com,extension list (#26),
Faasos,buyhatke + gyftr + maximize,yes,website,faasos.com,extension list (#26),
Fab Hotels,buyhatke + gyftr,yes,website,fabhotels.com,extension list (#26),
Farzi Cafe,gyftr,yes,store only,farzicafe.com,page loaded and checked 2026-09-17,
Fashion Factory,gyftr + maximize,yes,store only,relianceretail.com,web search 2026-09-17,Reliance store format; fashionfactory.in is dead
Fashion Factory In Store,buyhatke,yes,store only,relianceretail.com,web search 2026-09-17,Reliance store format; fashionfactory.in is dead
Fastag Recharge,gyftr,no,not a shop,,"bill payment / recharge, not a shop (inactive)",
Fastrack,gyftr + maximize,yes,website,titan.co.in,Maximize terms: redeemable online at Titan website; Gyftr's listing is stores only; titan.co.in confirmed by hand 2026-09-10,
Fastrack 1 Day Wait,buyhatke,yes,website,titan.co.in,same as Fastrack; titan.co.in confirmed by hand 2026-09-10,
Fastrack Bags,gyftr + maximize,yes,store only,titan.co.in,"site exists, blocks automatic visits (checked 2026-09-17)",
Fastrack Bags In Store,buyhatke,yes,store only,titan.co.in,"site exists, blocks automatic visits (checked 2026-09-17)",
Fastrack Bags In Store 3 Day Wait,buyhatke,yes,store only,titan.co.in,"site exists, blocks automatic visits (checked 2026-09-17)",
Fastrack In Store,buyhatke,yes,store only,titan.co.in,"site exists, blocks automatic visits (checked 2026-09-17)",
Fastrack In Store 1 Day Wait,buyhatke,yes,store only,titan.co.in,"site exists, blocks automatic visits (checked 2026-09-17)",
Fastrack SmartWatch,maximize,yes,website,titan.co.in,same as Fastrack; titan.co.in confirmed by hand 2026-09-10,
Fastrack SmartWatch 8 Hr Wait,buyhatke,yes,website,titan.co.in,same as Fastrack; titan.co.in confirmed by hand 2026-09-10,
Fastrack Smartwatches,gyftr,yes,store only,titan.co.in,"site exists, blocks automatic visits (checked 2026-09-17)",
Femmella,buyhatke + gyftr + maximize,yes,website,femmella.com,extension list (#26),
Ferns N Petals,buyhatke + gyftr + maximize,yes,website,fnp.com,extension list (#26),
Ferragamo In Store,buyhatke,yes,store only,ferragamo.com,site did not answer an automatic visit (2026-09-17),
FERRAGAMO- Luxe Gift Card,gyftr,yes,store only,ferragamo.com,site did not answer an automatic visit (2026-09-17),
Finusmart,buyhatke,yes,website,finusmart.com,extension list (#26),
Firangi Bake,buyhatke,yes,app only,eatsure.com,terms: only redeemable in the EatSure iOS/Android app (a Rebel Foods brand); eatsure.com rejected as this brand's site on 2026-09-10,
FirstCry,buyhatke + gyftr + maximize,yes,website,firstcry.com,extension list (#26),
FITPASS,buyhatke + gyftr + maximize,yes,website,fitpass.co.in,extension list (#26),
Flipkart,buyhatke + gyftr + maximize,yes,website,flipkart.com,extension list (#26),
FlixBus,buyhatke + maximize,yes,website,flixbus.in,extension list (#26),
Flower Aura,buyhatke + gyftr + maximize,yes,website,floweraura.com,extension list (#26),
Forever New,buyhatke + maximize,yes,website,forevernew.co.in,extension list (#26),
Forever21,maximize,no,store only,forever21.in,page loaded and checked 2026-09-17,
Forever21 In Store,buyhatke,no,store only,forever21.in,page loaded and checked 2026-09-17,
Foxtale,buyhatke + gyftr + maximize,yes,website,foxtale.in,extension list (#26),
Freecultr,buyhatke + gyftr + maximize,yes,website,freecultr.com,extension list (#26),
French Accent,buyhatke + gyftr,yes,website,getfrenchaccent.com,extension list (#26),
FreshMenu,buyhatke + maximize,yes,website,freshmenu.com,extension list (#26),
Fricken,buyhatke,yes,app only,eatsure.com,terms: only redeemable in the EatSure iOS/Android app (a Rebel Foods brand); eatsure.com rejected as this brand's site on 2026-09-10,
FRIDO,buyhatke + gyftr + maximize,yes,website,myfrido.com,extension list (#26),
Funblock In Store,buyhatke,yes,store only,funblock.in,page loaded and checked 2026-09-17,
Funcity,maximize,yes,store only,funcity.in,page loaded and checked 2026-09-17,
Funcity In Store,buyhatke,yes,store only,funcity.in,page loaded and checked 2026-09-17,
FUTURE WORLD - APPLE RESELLER,gyftr + maximize,yes,website,futureworldindia.co.in,extension list (#26),
Future World Apple,buyhatke,yes,website,futureworldindia.in,extension list (#26),
Future World In Store,buyhatke,yes,store only,futureworldindia.in,page loaded and checked 2026-09-17,
G Star Raw In Store,buyhatke,yes,store only,g-star.com,page loaded and checked 2026-09-17,
Gaana,buyhatke + gyftr,yes,website,gaana.com,extension list (#26),
Gas Bill Payment,gyftr,no,not a shop,,"bill payment / recharge, not a shop (inactive)",
Gas Luxe In Store,buyhatke,yes,store only,gasjeans.in,page loaded and checked 2026-09-17,
Gas-Luxe,maximize,yes,website,gasjeans.in,"Luxe card terms (luxegiftcard.com/terms-and-conditions) list 8 brand sites where it works online: superdry.in, stevemadden.in, mothercare.in, gasjeans.in, dieselindia.com, armaniexchange.in, muji.in, sunglasshut.in (Aug audit had gasjeans.com; Luxe names gasjeans.in)",
GAS-Luxe Gift Card,gyftr,no,website,gasjeans.com,extension list (#26),
Geetanjali - Luzo Gift Card,gyftr,yes,app only,luzo.app,terms: services booked through the Luzo app; real site luzo.app (luzoapp.com is a lookalike),
Giorgio Armani Luxe In Store,buyhatke,yes,store only,armani.com,page loaded and checked 2026-09-17,
Giorgio Armani- Luxe Gift Card,gyftr,yes,store only,armani.com,page loaded and checked 2026-09-17,
Giva Jewellery RDM,buyhatke,yes,website,giva.co,terms: GIVA website and outlets; giva.co verified in Aug 2026 audit,
Giva-Gold Jewellery,buyhatke + gyftr,yes,website,giva.co,verified in Aug 2026 audit,
Giva-Silver Coin,buyhatke + gyftr + maximize,yes,website,giva.co,extension list (#26),
Giva-Silver Jewellery,gyftr,yes,website,giva.co,confirmed 2026-09-10: auto: name in address,
Glam Studio In Store,buyhatke,yes,store only,glamstudios.in,voucher terms,
Glam Studios,maximize,yes,store only,glamstudios.in,voucher terms,
GoBaby Travel,buyhatke,yes,website,gobabytravel.com,extension list (#26),
Goibibo,buyhatke,yes,website,goibibo.com,extension list (#26),
GoIbibo Hotel,buyhatke + maximize,yes,website,goibibo.com,confirmed 2026-09-10: auto: name in address,
Google Play,buyhatke,yes,app only,play.google.com,used in Google Play Store; not a shop checkout Dealo can appear on,
GRT Jewellers,gyftr + maximize,yes,store only,grtjewels.com,page loaded and checked 2026-09-17,
GRT Jewellers In Store,buyhatke,yes,store only,grtjewels.com,page loaded and checked 2026-09-17,
Gupta Distributors In Store,buyhatke,yes,store only,guptadistributors.com,page loaded and checked 2026-09-17,
GyFTR PAY,gyftr,no,website,gyftr.com,verified in Aug 2026 audit,
H BY HAMLEYS- Luxe Gift Card,gyftr,no,store only,hamleys.in,page loaded and checked 2026-09-17,
Hamleys - LUXE,maximize,yes,store only,hamleys.in,"Luxe card works online only on 8 brand sites (luxegiftcard.com/terms-and-conditions); this brand is not one, so stores only",
Hamleys Luxe In Store,buyhatke,yes,store only,hamleys.in,page loaded and checked 2026-09-17,
Hamleys-Luxe Gift Card,gyftr,yes,website,hamleys.in,extension list (#26),
Hammer,buyhatke + gyftr + maximize,yes,website,hammeronline.in,extension list (#26),
Haute Sauce,buyhatke + gyftr,yes,website,buyhautesauce.com,extension list (#26),
Headout,maximize,yes,website,headout.com,extension list (#26),
Health & Glow,gyftr,yes,store only,healthandglow.com,page loaded and checked 2026-09-17,
Health and Glow In Store,buyhatke,yes,store only,healthandglow.com,page loaded and checked 2026-09-17,
Healthians,gyftr,yes,website,healthians.com,extension list (#26),
HealthifyMe Smart Plan,buyhatke,yes,app only,healthifyme.com,web search: healthifyme.com; terms: redeem in HealthifyMe app,
HealthKart,buyhatke + gyftr + maximize,yes,website,healthkart.com,extension list (#26),
Helios,gyftr,yes,store only,helioswatchstore.com,verified in Aug 2026 audit,
Helios In Store,buyhatke,yes,store only,helioswatchstore.com,"site exists, blocks automatic visits (checked 2026-09-17)",
Helios In Store 1 Day Wait,buyhatke,yes,store only,helioswatchstore.com,"site exists, blocks automatic visits (checked 2026-09-17)",
Hidesign,buyhatke + gyftr + maximize,yes,website,hidesign.com,extension list (#26),
Hidesign In Store,buyhatke,yes,store only,hidesign.com,page loaded and checked 2026-09-17,
Himalaya Wellness,gyftr,yes,store only,himalayawellness.in,page loaded and checked 2026-09-17,
Himalaya Wellness In Store,buyhatke,yes,store only,himalayawellness.in,page loaded and checked 2026-09-17,
Hindustan Times Premium,gyftr,yes,website,hindustantimes.com,extension list (#26),
Hoichoi,buyhatke + gyftr,yes,website,hoichoi.tv,extension list (#26),
Holiday Tribe,maximize,yes,store only,holidaytribe.com,page loaded and checked 2026-09-17,
Home,buyhatke,yes,website,at-home.co.in,extension list (#26),
Home Centre,gyftr,yes,store only,homecentre.in,verified in Aug 2026 audit,
Home Centre Online,gyftr,yes,website,homecentre.in,extension list (#26),
Homecentre In Store,buyhatke,yes,store only,homecentre.in,page loaded and checked 2026-09-17,
Homecentre Offline,maximize,yes,store only,homecentre.in,page loaded and checked 2026-09-17,
Honest Bowl,buyhatke,yes,app only,eatsure.com,terms: only redeemable in the EatSure iOS/Android app (a Rebel Foods brand); eatsure.com rejected as this brand's site on 2026-09-10,
Hoora,gyftr,yes,website,hoora.in,extension list (#26),
HopInTown Plus,buyhatke,yes,website,hopintown.com,extension list (#26),
Hopscotch,maximize,no,website,hopscotch.in,extension list (#26),
House of Vaaree,buyhatke,yes,website,vaaree.com,extension list (#26),
HP Pay,buyhatke + gyftr + maximize,yes,website,hppay.in,extension list (#26),
HP Pay 250 300,buyhatke,yes,app only,hindustanpetroleum.com,terms: valid only on HP Pay mobile app,
HP Pay In App,buyhatke,yes,app only,hindustanpetroleum.com,terms: valid only on HP Pay mobile app,
Hugo Boss Luxe In Store,buyhatke,yes,store only,hugoboss.com,page loaded and checked 2026-09-17,
Hugo Boss-Luxe,buyhatke + maximize,yes,store only,,"Luxe card works online only on 8 brand sites (luxegiftcard.com/terms-and-conditions); this brand is not one, so stores only",
Hugo Boss-Luxe Gift Card,gyftr,yes,store only,hugoboss.com,page loaded and checked 2026-09-17,
Hunkemoller In Store,buyhatke,yes,store only,hunkemoller.in,page loaded and checked 2026-09-17,
Hunkemoller- Luxe Gift Card,gyftr,yes,website,hunkemoller.in,extension list (#26),
Hush Puppies,gyftr + maximize,yes,store only,bata.com,web search 2026-09-17,Bata runs Hush Puppies in India; hushpuppies.in is a closed shop and hushpuppiesindia.co.in no longer exists
Hush Puppies - Fixed,maximize,no,store only,bata.com,web search 2026-09-17,Bata runs Hush Puppies in India; hushpuppies.in is a closed shop and hushpuppiesindia.co.in no longer exists
Hush Puppies In Store,buyhatke,yes,store only,bata.com,web search 2026-09-17,Bata runs Hush Puppies in India; hushpuppies.in is a closed shop and hushpuppiesindia.co.in no longer exists
Hyperice,gyftr,no,website,hyperice.in,extension list (#26),
IGP,buyhatke + gyftr,yes,website,igp.com,extension list (#26),
Ikea,buyhatke + gyftr,yes,website,ikea.com,extension list (#26),
Imagine Apple Premium,buyhatke,yes,website,myimaginestore.com,extension list (#26),
Imagine Apple Premium Reseller,maximize,yes,website,myimaginestore.com,confirmed 2026-09-10: auto: name in address,
Indian Terrain,maximize,yes,store only,indianterrain.com,page loaded and checked 2026-09-17,
Indian Terrain In Store,buyhatke,yes,store only,indianterrain.com,page loaded and checked 2026-09-17,
INDRIYA – Aditya Birla Jewellery,maximize,yes,store only,indriya.com,page loaded and checked 2026-09-17,
Inglot,buyhatke + gyftr + maximize,yes,store only,,"no India brand website found (sold via Myntra, Nykaa, Tira); brand's terms: accepted at listed Inglot / Victoria's Secret / Bath & Body Works / R&B stores; Gyftr: CANNOT be used online",
Inglot In Store,buyhatke,yes,store only,,web search 2026-09-17,"no India brand website; sold via Myntra, Nykaa, Tira"
INOX Cinemas - GYFTR,maximize,yes,website,pvrcinemas.com,verified in Aug 2026 audit,
Instafab Plus,buyhatke + gyftr,yes,website,instafabplus.com,extension list (#26),
INTERMILES,gyftr,no,website,intermiles.com,extension list (#26),
IOCL,gyftr,no,store only,iocl.com,"site exists, blocks automatic visits (checked 2026-09-17)",
IOCL In Store,buyhatke,yes,store only,iocl.com,"site exists, blocks automatic visits (checked 2026-09-17)",
IRCTC,gyftr + maximize,no,website,irctc.co.in,extension list (#26),
ITC Hotels,gyftr,yes,store only,itchotels.com,page loaded and checked 2026-09-17,
ITC Hotels Fabelle Chocolates In Store,buyhatke,yes,store only,fabelle.in,page loaded and checked 2026-09-17,
ITC Hotels In Store,buyhatke,yes,store only,itchotels.com,page loaded and checked 2026-09-17,
ITC Hotels Spa In Store,buyhatke,yes,store only,itchotels.com,page loaded and checked 2026-09-17,
Ixigo,buyhatke + gyftr,yes,website,ixigo.com,extension list (#26),
ixigo hotel,buyhatke + gyftr,yes,website,ixigo.com,confirmed 2026-09-10: auto: name in address,
Jawed Habib - Luzo Gift Card,gyftr,yes,app only,luzo.app,terms: services booked through the Luzo app; real site luzo.app (luzoapp.com is a lookalike),
JCB - Luzo Gift Card,gyftr,yes,app only,luzo.app,terms: services booked through the Luzo app; real site luzo.app (luzoapp.com is a lookalike),
Jhari Eco Stay In Store,buyhatke,yes,store only,,voucher terms,a single resort in Chikmagalur; no website found
Jimmy Choo Luxe In Store,buyhatke,yes,store only,jimmychoo.com,"site exists, blocks automatic visits (checked 2026-09-17)",
JIMMY CHOO- Luxe Gift Card,gyftr,yes,store only,jimmychoo.com,"site exists, blocks automatic visits (checked 2026-09-17)",
Jio Mart,buyhatke,yes,website,jiomart.com,terms: JioMart online platform; jiomart.com already trusted,
JioHotstar,buyhatke + gyftr + maximize,yes,website,jiohotstar.com,extension list (#26),
JioSaavn,gyftr,no,website,jiosaavn.com,extension list (#26),
Jockey,buyhatke + gyftr,yes,website,jockey.in,extension list (#26),
Jos Alukkas Coin,buyhatke,yes,website,josalukkasonline.com,extension list (#26),
Jos Alukkas Diamond,buyhatke + maximize,yes,website,josalukkasonline.com,confirmed 2026-09-10: auto: name in address,
Jos Alukkas Gold Coin,maximize,yes,website,josalukkasonline.com,confirmed 2026-09-10: auto: name in address,
Jos Alukkas Gold Jewellery,maximize,yes,website,josalukkasonline.com,confirmed 2026-09-10: auto: name in address,
Jos Alukkas Jewellery In Store,buyhatke,yes,store only,josalukkasonline.com,page loaded and checked 2026-09-17,
Joyalukkas,buyhatke,yes,store only,joyalukkas.in,terms: only valid for offline purchases,
Joyalukkas Diamond,maximize,yes,store only,joyalukkas.in,"web search: joyalukkas.in; terms: valid at Joyalukkas outlets, present to cashier",
Joyalukkas Diamond In Store,buyhatke,yes,store only,joyalukkas.in,page loaded and checked 2026-09-17,
Joyalukkas Gold and Diamond,maximize,yes,store only,joyalukkas.in,terms: only valid for offline purchases,
Joyalukkas Gold and Diamond 12 Hr Wait,buyhatke,yes,store only,joyalukkas.in,terms: only valid for offline purchases,
Joyalukkas Pure Gold,maximize,yes,store only,joyalukkas.in,terms: only valid for offline purchases,
Joyalukkas Pure Gold In Store,buyhatke,yes,store only,joyalukkas.in,page loaded and checked 2026-09-17,
Juicy Couture BAGLINE,buyhatke,yes,website,bagline.com,confirmed 2026-09-10: auto: name in address,
Just Lil Things,buyhatke + maximize,yes,website,justlilthings.in,extension list (#26),
KALKI,buyhatke + gyftr,yes,website,kalkifashion.com,extension list (#26),
Kalyan Diamond,buyhatke,yes,website,kalyanjewellers.net,extension list (#26),
Kalyan Diamond In Store,buyhatke,yes,store only,kalyanjewellers.net,page loaded and checked 2026-09-17,
Kalyan Diamond Jewellery,gyftr,no,store only,kalyanjewellers.net,page loaded and checked 2026-09-17,
Kalyan Diamond Jewellery In Store,buyhatke,yes,store only,kalyanjewellers.net,page loaded and checked 2026-09-17,
Kalyan Gold Coins,gyftr,no,store only,kalyanjewellers.net,page loaded and checked 2026-09-17,
Kalyan Gold Coins In Store,buyhatke,yes,store only,kalyanjewellers.net,page loaded and checked 2026-09-17,
Kalyan Gold Jewellery,gyftr,yes,store only,kalyanjewellers.net,confirmed 2026-09-10: auto: name in address,
Kalyan Jewellers In Store,buyhatke,yes,store only,kalyanjewellers.net,page loaded and checked 2026-09-17,
Kama Ayurveda,gyftr,no,website,kamaayurveda.in,extension list (#26),
Kama Ayurveda In Store,buyhatke,yes,store only,kamaayurveda.com,page loaded and checked 2026-09-17,
Kate Spade Luxe In Store,buyhatke,yes,store only,katespade.com,"site exists, blocks automatic visits (checked 2026-09-17)",
Kate Spade- Luxe Gift Card,gyftr,yes,store only,katespade.com,"site exists, blocks automatic visits (checked 2026-09-17)",
Kate Spade-Luxe,buyhatke + maximize,yes,store only,,"Luxe card works online only on 8 brand sites (luxegiftcard.com/terms-and-conditions); this brand is not one, so stores only",
Ketan Diamonds Diamond Only,buyhatke + gyftr + maximize,yes,website,ketandiamonds.com,confirmed 2026-09-10: auto: name in address,
Ketan Diamonds Gold Coin,buyhatke + gyftr + maximize,yes,website,ketandiamonds.com,extension list (#26),
Ketan Diamonds Gold Coin In Store,buyhatke,yes,store only,ketandiamonds.com,page loaded and checked 2026-09-17,
Ketan Diamonds Gold Jewellery,buyhatke + gyftr + maximize,yes,website,ketandiamonds.com,confirmed 2026-09-10: auto: name in address,
KFC,buyhatke + gyftr,yes,website,kfc.co.in,extension list (#26),
Kiehls In Store,buyhatke,yes,store only,kiehls.in,page loaded and checked 2026-09-17,
Kimirica,buyhatke + gyftr + maximize,yes,website,kimirica.shop,extension list (#26),
Klook,buyhatke + gyftr,yes,website,klook.com,extension list (#26),
La Martina- Luxe Gift Card,gyftr,yes,store only,lamartina.com,page loaded and checked 2026-09-17,
Lakm Salon In Store,buyhatke,yes,store only,lakmesalon.in,page loaded and checked 2026-09-17,
Lakme - Luzo Gift Card,gyftr,yes,app only,luzo.app,terms: services booked through the Luzo app; real site luzo.app (luzoapp.com is a lookalike),
Lakme Salon,maximize,yes,store only,lakmesalon.in,page loaded and checked 2026-09-17,
Landline Bill Payment,gyftr,no,not a shop,,"bill payment / recharge, not a shop (inactive)",
Lawrence and Mayo,maximize,yes,store only,lawrenceandmayo.com,page loaded and checked 2026-09-17,
Lawrence and Mayo In Store,buyhatke,yes,store only,lawrenceandmayo.com,page loaded and checked 2026-09-17,
LE CREUSET,maximize,yes,store only,lecreuset.co.in,site did not answer an automatic visit (2026-09-17),
LE CREUSET In Store,buyhatke,yes,store only,lecreuset.co.in,site did not answer an automatic visit (2026-09-17),
Lee,buyhatke,yes,website,lee.in,extension list (#26),
Lee 3 Day Wait,buyhatke,yes,website,lee.in,confirmed 2026-09-10: auto: name in address,
Lee In Store,buyhatke,yes,store only,lee.in,page loaded and checked 2026-09-17,
LENSKART,gyftr + maximize,yes,website,lenskart.com,extension list (#26),
Lenskart 3 Day Wait,buyhatke,yes,website,lenskart.com,confirmed 2026-09-10: auto: name in address,
Levis,buyhatke + gyftr,yes,website,levi.in,extension list (#26),
Levis In Store,buyhatke,yes,store only,levi.in,page loaded and checked 2026-09-17,
Libas,gyftr,yes,website,libas.in,extension list (#26),
Liberty,buyhatke + gyftr,yes,website,libertyshoesonline.com,confirmed 2026-09-10: auto: name in address,
Liberty In Store,buyhatke,no,store only,libertyshoesonline.com,page loaded and checked 2026-09-17,
Liberty Offline,maximize,yes,store only,libertyshoes.com,verified in Aug 2026 audit,
Liberty Offline In Store,buyhatke,yes,store only,libertyshoesonline.com,page loaded and checked 2026-09-17,
Liberty Online,gyftr + maximize,yes,website,libertyshoesonline.com,extension list (#26),
Lifestyle,buyhatke + gyftr,yes,website,lifestylestores.com,extension list (#26),
Lifestyle In Store,buyhatke,yes,store only,lifestylestores.com,page loaded and checked 2026-09-17,
Lifestyle Offline,maximize,yes,store only,lifestylestores.com,page loaded and checked 2026-09-17,
Lifestyle Online,gyftr + maximize,yes,website,lifestylestores.com,confirmed 2026-09-10: auto: name in address,
Linen Club,maximize,yes,store only,linenclub.com,page loaded and checked 2026-09-17,
Linen Club In Store,buyhatke,yes,store only,linenclub.com,page loaded and checked 2026-09-17,
Lionsgate Play,buyhatke + gyftr + maximize,yes,website,lionsgateplay.com,extension list (#26),
Lite Bite Food In Store,buyhatke,yes,store only,litebitefoods.com,page loaded and checked 2026-09-17,
Live Hindustan,gyftr,yes,website,livehindustan.com,extension list (#26),
Live Mint,buyhatke + maximize,yes,website,livemint.com,extension list (#26),
Lohono Stays,buyhatke + gyftr + maximize,yes,website,lohono.com,extension list (#26),
Looks - Luzo Gift Card,gyftr,yes,app only,luzo.app,terms: services booked through the Luzo app; real site luzo.app (luzoapp.com is a lookalike),
Louis Philippe,maximize,no,store only,louisphilippe.abfrl.in,page loaded and checked 2026-09-17,
Louis Philippe Gift Voucher,gyftr,yes,store only,louisphilippe.abfrl.in,page loaded and checked 2026-09-17,
Louis Philippe In Store,buyhatke,no,store only,louisphilippe.abfrl.in,page loaded and checked 2026-09-17,
Love Beauty Planet,buyhatke,yes,website,lovebeautyandplanet.in,extension list (#26),
Lulu Hypermarket,buyhatke + maximize,yes,website,luluhypermarket.in,seller's terms name luluhypermarket.in; web search also shows luluhypermarket.com/en-in — worth a look,
Lunch Box,buyhatke + gyftr,yes,app only,eatsure.com,terms: only redeemable in the EatSure iOS/Android app (a Rebel Foods brand); eatsure.com rejected as this brand's site on 2026-09-10,
Luxe Gift Card,gyftr,yes,store only,luxegiftcard.com,page loaded and checked 2026-09-17,
Luzo,maximize,yes,store only,luzo.app,verified in Aug 2026 audit,
"LUZO - Salons, Spas, Clinics",gyftr,yes,website,luzo.app,extension list (#26),
Luzo salon Spa And Clinics,maximize,yes,store only,luzo.app,page loaded and checked 2026-09-17,
Mac,gyftr,no,store only,maccosmetics.in,"site exists, blocks automatic visits (checked 2026-09-17)",
Machaan In Store,buyhatke,yes,store only,speciality.co.in,voucher terms,"Speciality Restaurants voucher (Mainland China, Machaan, Sigree, Oh! Calcutta, Sweet Bengal)"
Madame In Store,buyhatke,yes,store only,madameonline.com,web search 2026-09-17,
Made In Punjab,gyftr,yes,store only,madeinpunjab.co.in,web search 2026-09-17,a Massive Restaurants brand
Mainland China,gyftr,yes,store only,speciality.co.in,page loaded and checked 2026-09-17,
Mainland China In Store,buyhatke,yes,store only,speciality.co.in,page loaded and checked 2026-09-17,
Maje Luxe In Store,buyhatke,yes,store only,maje.com,page loaded and checked 2026-09-17,
MAJE- Luxe Gift Card,gyftr,no,store only,maje.com,page loaded and checked 2026-09-17,
MakeMyTrip,buyhatke + maximize,yes,website,makemytrip.com,extension list (#26),
MakeMyTrip Bus,buyhatke + maximize,yes,website,makemytrip.com,confirmed 2026-09-10: auto: name in address,
MakeMyTrip Cab,maximize,yes,website,makemytrip.com,confirmed 2026-09-10: auto: name in address,
MakeMyTrip e-Pay,gyftr + maximize,yes,website,makemytrip.com,confirmed 2026-09-10: auto: name in address,
Makemytrip Holiday,maximize,yes,website,makemytrip.com,confirmed 2026-09-10: auto: name in address,
MakeMyTrip Holiday e-Pay,gyftr + maximize,yes,website,makemytrip.com,confirmed 2026-09-10: auto: name in address,
MakeMyTrip Holidays,buyhatke,yes,website,makemytrip.com,confirmed 2026-09-10: auto: name in address,
Makemytrip Hotel,buyhatke + maximize,yes,website,makemytrip.com,confirmed 2026-09-10: auto: name in address,
MakeMyTrip Hotel e-Pay,gyftr + maximize,yes,website,makemytrip.com,confirmed 2026-09-10: auto: name in address,
MakeMyTrip International,maximize,yes,website,makemytrip.com,confirmed 2026-09-10: auto: name in address,
MakeMyTrip Rail,buyhatke + maximize,yes,website,makemytrip.com,confirmed 2026-09-10: auto: name in address,
Makhani Darbar,buyhatke,no,app only,eatsure.com,terms: only redeemable in the EatSure iOS/Android app (a Rebel Foods brand); eatsure.com rejected as this brand's site on 2026-09-10 (listing inactive),
Malabar Diamond,maximize,yes,website,malabargoldanddiamonds.com,same brand verified in Aug 2026 audit,
Malabar Diamonds,buyhatke + gyftr,yes,website,malabargoldanddiamonds.co,extension list (#26),
Malabar Diamonds 1 Day Wait,buyhatke,yes,website,malabargoldanddiamonds.com,confirmed 2026-09-10: auto: name in address,
Malabar Gold Coin,buyhatke + gyftr + maximize,yes,website,malabargoldanddiamonds.com,confirmed 2026-09-10: auto: name in address,
Malabar Gold Jewellery,buyhatke,yes,website,malabargoldanddiamonds.com,confirmed 2026-09-10: auto: name in address,
Malabar Jewellery,buyhatke + gyftr,yes,website,malabargoldanddiamonds.com,confirmed 2026-09-10: auto: name in address,
Malabar Silver Coin,gyftr,no,website,malabargoldanddiamonds.com,verified in Aug 2026 audit,
Mamaearth,gyftr,no,website,mamaearth.in,extension list (#26),
Mango,gyftr + maximize,yes,store only,mango.com,page loaded and checked 2026-09-17,
Mango In Store,buyhatke,yes,store only,mango.com,page loaded and checked 2026-09-17,
Manyavar,gyftr + maximize,no,store only,manyavar.com,verified in Aug 2026 audit,
Manyavar In Store,buyhatke,yes,store only,manyavar.com,page loaded and checked 2026-09-17,
Marks & Spencer,gyftr,yes,website,marksandspencer.in,extension list (#26),
Marks & Spencer,maximize,yes,website,marksandspencer.in,same brand already verified in Aug 2026 audit,
Marks and Spencer,buyhatke,yes,website,marksandspencer.in,confirmed 2026-09-10: auto: name in address,
Marks and Spencer In Store,buyhatke,yes,store only,marksandspencer.in,site did not answer an automatic visit (2026-09-17),
Marriott Dining In Store,buyhatke,yes,store only,marriott.com,"site exists, blocks automatic visits (checked 2026-09-17)",
Marriott E Dining In Store,buyhatke,no,store only,marriott.com,"site exists, blocks automatic visits (checked 2026-09-17)",
Marriott Hotels In Store,buyhatke,yes,store only,marriott.com,"site exists, blocks automatic visits (checked 2026-09-17)",
Marriott Hotels India,maximize,yes,store only,marriott.com,"site exists, blocks automatic visits (checked 2026-09-17)",
Marriott India -Dining,maximize,yes,store only,marriott.com,"site exists, blocks automatic visits (checked 2026-09-17)",
Marriott India -Spa,maximize,yes,store only,marriott.com,"site exists, blocks automatic visits (checked 2026-09-17)",
Marriott SPA In Store,buyhatke,no,store only,marriott.com,"site exists, blocks automatic visits (checked 2026-09-17)",
Masala Library,gyftr,yes,store only,massiverestaurants.com,web search 2026-09-17,a Massive Restaurants brand
Matrix,buyhatke + gyftr,yes,website,matrix.in,extension list (#26),
MAX,gyftr,yes,store only,maxfashion.in,verified in Aug 2026 audit,
Max Fashion (Offline),maximize,yes,store only,maxfashion.in,"site exists, blocks automatic visits (checked 2026-09-17)",
Max Fashion In Store,buyhatke,no,store only,maxfashion.in,"site exists, blocks automatic visits (checked 2026-09-17)",
Max Fashion Online,gyftr,yes,website,maxfashion.com,confirmed 2026-09-10: auto: name in address,
McDonalds In Store,buyhatke,no,store only,mcdindia.com,page loaded and checked 2026-09-17,
Me N Moms,buyhatke + gyftr + maximize,yes,website,menmoms.in,extension list (#26),
Mediwheel,buyhatke + gyftr,yes,website,mediwheel.in,extension list (#26),
Mia,gyftr,yes,store only,miabytanishq.com,"site exists, blocks automatic visits (checked 2026-09-17)",
Mia By Tanishq,maximize,yes,store only,miabytanishq.com,"site exists, blocks automatic visits (checked 2026-09-17)",
Mia By Tanishq In Store,buyhatke,yes,store only,miabytanishq.com,"site exists, blocks automatic visits (checked 2026-09-17)",
Michael Kors Luxe In Store,buyhatke,yes,store only,michaelkors.com,"site exists, blocks automatic visits (checked 2026-09-17)",
Michael Kors-Luxe,maximize,yes,store only,,"Luxe card works online only on 8 brand sites (luxegiftcard.com/terms-and-conditions); this brand is not one, so stores only",
Michael Kors-Luxe Gift Card,gyftr,yes,store only,michaelkors.com,"site exists, blocks automatic visits (checked 2026-09-17)",
Microsoft Office,gyftr + maximize,yes,website,microsoft.com,extension list (#26),
Microsoft Xbox Game Pass Core,gyftr,yes,website,microsoft.com,confirmed 2026-09-10: auto: name in address,
Microsoft Xbox PC Game Pass,gyftr,no,website,microsoft.com,confirmed 2026-09-10: auto: name in address,
Milkbasket,buyhatke + gyftr + maximize,yes,website,milkbasket.com,extension list (#26),
Milton,buyhatke,yes,website,milton.in,extension list (#26),
Minecraft Minecoins,buyhatke,yes,website,minecraft.net,extension list (#26),
MiniKlub,buyhatke,no,website,miniklub.in,web search: miniklub.in (listing inactive),
Minus30,gyftr + maximize,yes,website,minus30.co,extension list (#26),
Miraggio,buyhatke + maximize,yes,website,miraggiolife.com,extension list (#26),
Moba Legends,buyhatke,no,website,mobilelegends.com,same brand verified in Aug 2026 audit (listing inactive),
Moba Legends 5v5,gyftr + maximize,yes,website,mobilelegends.com,extension list (#26),
Mobile Postpaid - Bill Payment,gyftr,no,store only,,voucher terms,"bill payment, not a shop"
Mobile Prepaid - Recharge,gyftr,no,not a shop,,"bill payment / recharge, not a shop (inactive)",
Modern Bazaar,buyhatke + maximize,yes,website,modernbazaar.online,web search: modernbazaar.online; terms: online and in-store,
Mokobara,buyhatke + maximize,yes,website,mokobara.com,extension list (#26),
Moments by The Leela In Store,buyhatke,yes,store only,theleela.com,page loaded and checked 2026-09-17,
MOTHER CARE-Luxe,maximize,yes,website,mothercare.in,"Luxe card terms (luxegiftcard.com/terms-and-conditions) list 8 brand sites where it works online: superdry.in, stevemadden.in, mothercare.in, gasjeans.in, dieselindia.com, armaniexchange.in, muji.in, sunglasshut.in",
Mothercare Luxe In Store,buyhatke,yes,store only,mothercare.in,"site exists, blocks automatic visits (checked 2026-09-17)",
Mothercare-Luxe Gift Card,gyftr,no,website,mothercare.in,extension list (#26),
MPJ Diamond Jewellery,maximize,yes,store only,mpjjewellers.com,web search: mpjjewellers.com; Maximize diamond card redeemed in store,
MPJ Gold Jewellery,maximize,yes,store only,mpjjewellers.com,page loaded and checked 2026-09-17,
MS Xbox Game Pass Ultimate,gyftr,yes,website,xbox.com,confirmed 2026-09-10: auto: name in address,
Muji Luxe In Store,buyhatke,yes,store only,muji.in,page loaded and checked 2026-09-17,
MUJI- Luxe Gift Card,gyftr,yes,website,muji.in,extension list (#26),
Muro In Store,buyhatke,yes,store only,,voucher terms,a single restaurant in Bangalore; no website found
Muro QC,maximize,yes,store only,,voucher terms,a single restaurant in Bangalore; no website found
Muscle%20Blaze,maximize,yes,website,muscleblaze.com,extension list (#26),
Muthoot Gold,buyhatke,yes,website,muthoot.com,extension list (#26),
Muthoot Gold Voucher,gyftr + maximize,yes,website,muthoot.com,confirmed 2026-09-10: auto: name in address,
My Jio Store In Store,buyhatke,yes,store only,jio.com,page loaded and checked 2026-09-17,
Myntra,buyhatke + gyftr + maximize,yes,website,myntra.com,extension list (#26),
Myntra LUXE,buyhatke,yes,website,myntra.com,terms + same brand: myntra.com,
myUpchar Medicines,buyhatke,yes,website,myupchar.com,extension list (#26),
Nat Habit,buyhatke + gyftr,yes,website,nathabit.in,extension list (#26),
Natural Salon 10K,maximize,yes,store only,naturals.in,page loaded and checked 2026-09-17,
Natural Salon 20K,maximize,yes,store only,naturals.in,page loaded and checked 2026-09-17,
Natural Salon 4K,maximize,yes,store only,naturals.in,page loaded and checked 2026-09-17,
Naturals - Luzo Gift Card,gyftr,yes,app only,luzo.app,terms: services booked through the Luzo app; real site luzo.app (luzoapp.com is a lookalike),
Nature's Basket,buyhatke + maximize,yes,website,naturesbasket.co.in,extension list (#26),
Natures Basket In Store,buyhatke,yes,store only,naturesbasket.co.in,page loaded and checked 2026-09-17,
Nautica,gyftr + maximize,yes,store only,nautica.in,site did not answer an automatic visit (2026-09-17),
Neemans,buyhatke + gyftr + maximize,yes,website,neemans.com,extension list (#26),
Neerus,maximize,yes,store only,neerus.com,page loaded and checked 2026-09-17,
Neerus In Store,buyhatke,yes,store only,neerus.com,page loaded and checked 2026-09-17,
Nestasia,gyftr + maximize,yes,store only,nestasia.in,"site exists, blocks automatic visits (checked 2026-09-17)",
Netmeds,buyhatke + gyftr + maximize,yes,website,netmeds.com,extension list (#26),
NEXT,gyftr + maximize,yes,store only,nextdirect.com,page loaded and checked 2026-09-17,
NEXT In Store,buyhatke,yes,store only,nextdirect.com,page loaded and checked 2026-09-17,
Nilkamal Homes,maximize,yes,website,nilkamalhomes.com,extension list (#26),
Nintendo,buyhatke,yes,website,nintendo.com,extension list (#26),
Nintendo eShop Voucher,gyftr,yes,website,nintendo.com,confirmed 2026-09-10: auto: name in address,
Nintendo Shop,maximize,yes,website,nintendo.com,confirmed 2026-09-10: auto: name in address,
NU Ayurveda In Store,buyhatke,yes,store only,nuayurveda.com,page loaded and checked 2026-09-17,
Nua Woman,gyftr,yes,website,nuawoman.com,extension list (#26),
Nua Women,buyhatke + maximize,yes,website,nuawoman.com,confirmed 2026-09-10: auto: name in address,
Nykaa,buyhatke + gyftr + maximize,yes,website,nykaa.com,extension list (#26),
Nykaa Fashion,buyhatke + gyftr + maximize,yes,website,nykaafashion.com,extension list (#26),
Nykaa LUXE,buyhatke,yes,website,nykaa.com,confirmed 2026-09-10: auto: name in address,
Nykaa Man,buyhatke + gyftr,yes,website,nykaaman.com,extension list (#26),
Nykaa Men,maximize,yes,website,nykaaman.com,confirmed 2026-09-10: checked by hand,
O2 Spa Salon In Store,buyhatke,yes,store only,,web search 2026-09-17,o2spa.com is for sale and o2spa.org does not load; no working site found
Ode Spa Salon,maximize,yes,store only,odespa.com,web search: odespa.com; terms: valid at ODE Spa outlets,
Ode Spa Salon In Store,buyhatke,yes,store only,odespa.com,site did not answer an automatic visit (2026-09-17),
Oh Calcutta In Store,buyhatke,yes,store only,speciality.co.in,page loaded and checked 2026-09-17,
Oh! Calcutta,gyftr + maximize,yes,store only,speciality.co.in,page loaded and checked 2026-09-17,
OLA CABS,buyhatke + gyftr,yes,website,olacabs.com,extension list (#26),
Organic In Store,buyhatke,yes,store only,organicindia.com,page loaded and checked 2026-09-17,
ORGANIC INDIA,gyftr + maximize,yes,store only,organicindia.com,page loaded and checked 2026-09-17,
Origin Nutrition,buyhatke,yes,website,originnutrition.in,extension list (#26),
Ornaz,buyhatke,yes,website,ornaz.com,extension list (#26),
Oven Story,buyhatke + gyftr + maximize,yes,website,ovenstory.in,extension list (#26),
Ovenstory Pizza,gyftr,no,store only,eatsure.com,page loaded and checked 2026-09-17,
Pa Pa Ya,gyftr,yes,store only,massiverestaurants.com,web search 2026-09-17,a Massive Restaurants brand
Palmonas,gyftr + maximize,yes,website,palmonas.com,extension list (#26),
PANTALOONS,gyftr + maximize,yes,store only,pantaloons.com,page loaded and checked 2026-09-17,
Park Avenue,gyftr + maximize,yes,store only,parkavenue.co.in,page loaded and checked 2026-09-17,
Park Avenue In Store,buyhatke,no,store only,parkavenue.co.in,page loaded and checked 2026-09-17,
Parx,gyftr + maximize,yes,store only,myraymond.com,web search 2026-09-17,Raymond's shop for Parx
Parx In Store,buyhatke,no,store only,myraymond.com,web search 2026-09-17,Raymond's shop for Parx
Paul and Shark - Luxe,maximize,yes,store only,paulandshark.com,site did not answer an automatic visit (2026-09-17),
Paul and Shark Luxe In Store,buyhatke,no,store only,paulandshark.com,site did not answer an automatic visit (2026-09-17),
Paul Shark Luxe In Store,buyhatke,yes,store only,paulandshark.com,site did not answer an automatic visit (2026-09-17),
PAUL SHARK- Luxe Gift Card,gyftr,yes,store only,paulandshark.com,site did not answer an automatic visit (2026-09-17),
Paul Smith In Store,buyhatke,yes,store only,paulsmith.com,page loaded and checked 2026-09-17,
PC Chandra Gold Coin,buyhatke + maximize,yes,website,pcchandraindia.com,extension list (#26),
PC Jeweller Diamond,gyftr,yes,store only,pcjeweller.com,page loaded and checked 2026-09-17,
PC Jeweller Gold,gyftr,yes,store only,pcjeweller.com,page loaded and checked 2026-09-17,
PC Jeweller Gold Coin,gyftr,no,store only,pcjeweller.com,page loaded and checked 2026-09-17,
PCJ Diamond,buyhatke,yes,website,pcjeweller.com,extension list (#26),
PCJ Diamond Jewellery,maximize,yes,store only,pcjeweller.com,page loaded and checked 2026-09-17,
PCJ Diamond Jewellery In Store,buyhatke,yes,store only,pcjeweller.com,page loaded and checked 2026-09-17,
PCJ Gold Coin,buyhatke + maximize,yes,website,pcjeweller.com,confirmed 2026-09-10: auto: name in address,
PCJ Gold Coin In Store,buyhatke,yes,store only,pcjeweller.com,page loaded and checked 2026-09-17,
PCJ Gold Jewellery,buyhatke + maximize,yes,website,pcjeweller.com,confirmed 2026-09-10: auto: name in address,
PCJ Gold Jewellery In Store,buyhatke,yes,store only,pcjeweller.com,page loaded and checked 2026-09-17,
Peora Fashions,maximize,yes,store only,peorajewellery.com,"web search: peorajewellery.com (Peora Fashions Pvt Ltd, Mumbai; peora.com is an unrelated US shop); Maximize: redeem at select stores",
Peora Fashions In Store,buyhatke,yes,store only,peorajewellery.com,page loaded and checked 2026-09-17,
PEORA In Store,buyhatke,yes,store only,peorajewellery.com,page loaded and checked 2026-09-17,
Pepperfry,buyhatke + maximize,yes,website,pepperfry.com,extension list (#26),
Pepperfry Luxury,buyhatke,yes,website,pepperfry.com,confirmed 2026-09-10: auto: name in address,
Peter England,maximize,yes,store only,peterengland.abfrl.in,page loaded and checked 2026-09-17,
Peter England Gift Voucher,gyftr,no,store only,peterengland.abfrl.in,page loaded and checked 2026-09-17,
Peter England In Store,buyhatke,yes,store only,peterengland.abfrl.in,page loaded and checked 2026-09-17,
Philips,buyhatke + gyftr,yes,website,domesticappliances.philips.co.in,extension list (#26),
PhonePe,maximize,no,website,phonepe.com,extension list (#26),
PhonePe (Fixed),maximize,no,website,phonepe.com,confirmed 2026-09-10: auto: name in address,
Photojaanic,buyhatke,yes,website,photojaanic.com,extension list (#26),
Pigeon,gyftr,yes,store only,stovekraft.com,web search 2026-09-17,Pigeon by Stovekraft; pigeonappliances.com shop is unavailable
Pigeon In Store,buyhatke,yes,store only,stovekraft.com,web search 2026-09-17,Pigeon by Stovekraft; pigeonappliances.com shop is unavailable
PinePerksRupayPrime-WH,maximize,yes,website,pineperks.in,extension list (#26),
Pixel Go,buyhatke + maximize,yes,website,pixelgo.com,extension list (#26),
Pizza Hut,buyhatke + gyftr,yes,website,pizzahut.co.in,extension list (#26),
Pizza Hut Offline In Store,buyhatke,yes,store only,pizzahut.co.in,page loaded and checked 2026-09-17,
Planet Fashion,maximize,yes,store only,planetfashion.abfrl.in,page loaded and checked 2026-09-17,
Planet Fashion Gift Voucher,gyftr,no,store only,planetfashion.abfrl.in,page loaded and checked 2026-09-17,
Planet Fashion In Store,buyhatke,yes,store only,planetfashion.abfrl.in,page loaded and checked 2026-09-17,
PMJ Jewellers In Store,buyhatke,yes,store only,pmjjewels.com,page loaded and checked 2026-09-17,
Points for Good,buyhatke + gyftr + maximize,yes,website,pointsforgood.org,extension list (#26),
Polar bear In Store,buyhatke,no,store only,polarbear.co.in,web search 2026-09-17,
Porter,maximize,yes,website,porter.in,extension list (#26),
Porter Packers and Movers,gyftr,yes,website,porter.in,verified in Aug 2026 audit,
Pothys In Store,buyhatke,yes,store only,pothys.com,page loaded and checked 2026-09-17,
Pottery Barn Luxe In Store,buyhatke,yes,store only,potterybarn.in,page loaded and checked 2026-09-17,
Pottery Barn- Luxe Gift Card,gyftr,yes,website,potterybarn.com,extension list (#26),
Prestige,buyhatke + gyftr + maximize,yes,website,prestige.com,extension list (#26),
Pret A Manger Luxe In Store,buyhatke,yes,store only,pret.com,page loaded and checked 2026-09-17,
Pret A Manger-Luxe Gift Card,gyftr,yes,store only,pret.com,page loaded and checked 2026-09-17,
Pronto,buyhatke + gyftr + maximize,yes,app only,withpronto.com,web search: withpronto.com is Pronto home services; terms: redeem in Pronto app,
Puma,gyftr + maximize,yes,store only,in.puma.com,page loaded and checked 2026-09-17,
Puma In Store,buyhatke,yes,store only,in.puma.com,page loaded and checked 2026-09-17,
Punjab Grill,maximize,yes,store only,punjabgrill.in,page loaded and checked 2026-09-17,
Punjab Grill In Store,buyhatke,yes,store only,punjabgrill.in,page loaded and checked 2026-09-17,
Pure Home & Living,maximize,yes,website,purehomeandliving.com,same brand already on record (Pure Home + Living),
Pure Home + Living,buyhatke + gyftr,yes,website,purehomeandliving.com,extension list (#26),
PVR,maximize,yes,website,pvrcinemas.com,verified in Aug 2026 audit,
PVR Cinemas - GYFTR,maximize,yes,website,pvrcinemas.com,verified in Aug 2026 audit,
PVR INOX,gyftr,yes,website,pvrcinemas.com,extension list (#26),
Quick Heal,gyftr,no,website,quickheal.co.in,extension list (#26),
R B In Store,buyhatke,no,store only,randbfashion.in,web search 2026-09-17,R&B India (Apparel Group)
R&B,gyftr,yes,store only,randbfashion.in,web search 2026-09-17,R&B India (Apparel Group)
Rainbow Six Mobile,gyftr + maximize,yes,website,ubisoft.com,extension list (#26),
Rangriti,buyhatke + gyftr + maximize,yes,website,rangriti.com,extension list (#26),
Ratnadeep Retail,maximize,yes,store only,ratnadeep.com,page loaded and checked 2026-09-17,
Ratnadeep Retail In Store,buyhatke,yes,store only,ratnadeep.com,page loaded and checked 2026-09-17,
Ray Ban,buyhatke,yes,website,ray-ban.com,extension list (#26),
Raymond - Ready to Wear,gyftr + maximize,yes,store only,myraymond.com,page loaded and checked 2026-09-17,
Raymond Ready to Wear In Store,buyhatke,yes,store only,myraymond.com,page loaded and checked 2026-09-17,
Razer Gold,buyhatke + maximize,yes,website,gold.razer.com,extension list (#26),
Razorpay Money Bill,maximize,no,website,money.razorpay.com,confirmed 2026-09-10: auto: name in address,
Razorpay Money Flex,buyhatke + maximize,yes,not a shop,,hand fix 2026-09-10,Razorpay runs other shops' checkouts; its wallet voucher is not tied to one shop
Reader's Digest,gyftr,no,website,readersdigest.in,extension list (#26),
Relaxo,gyftr + maximize,yes,store only,relaxofootwear.com,page loaded and checked 2026-09-17,
Relaxo In Store,buyhatke,yes,store only,relaxofootwear.com,page loaded and checked 2026-09-17,
Reliance Digital,gyftr + maximize,yes,store only,reliancedigital.in,verified in Aug 2026 audit,
Reliance In Store,buyhatke,yes,store only,relianceretail.com,page loaded and checked 2026-09-17,
Reliance Jewels,gyftr + maximize,no,store only,reliancejewels.com,page loaded and checked 2026-09-17,
Reliance Jewels In Store,buyhatke,yes,store only,reliancejewels.com,page loaded and checked 2026-09-17,
Reliance Jio Mart,gyftr + maximize,yes,website,jiomart.com,extension list (#26),
Reliance My Jio Store,gyftr + maximize,yes,store only,jio.com,page loaded and checked 2026-09-17,
Reliance Smart,buyhatke + gyftr,yes,store only,,"Gyftr: cannot be used online, Smart Bazaar stores",
Reliance Smart Bazaar,gyftr,yes,store only,relianceretail.com,page loaded and checked 2026-09-17,
Reliance Smart Bazaar In Store,buyhatke,no,store only,relianceretail.com,page loaded and checked 2026-09-17,
Reliance Smart In Store,buyhatke,yes,store only,relianceretail.com,page loaded and checked 2026-09-17,
Reliance Smart Point,gyftr,no,store only,relianceretail.com,page loaded and checked 2026-09-17,
Reliance Smart Point In Store,buyhatke,no,store only,relianceretail.com,page loaded and checked 2026-09-17,
Reliance Trends,gyftr + maximize,yes,store only,trends.ajio.com,"site exists, blocks automatic visits (checked 2026-09-17)",
Reliance Trends Footwear,gyftr,yes,store only,trends.ajio.com,"site exists, blocks automatic visits (checked 2026-09-17)",
Reliance Trends In Store,buyhatke,yes,store only,trends.ajio.com,"site exists, blocks automatic visits (checked 2026-09-17)",
Renee Cosmetics,gyftr,no,website,reneecosmetics.in,extension list (#26),
Replay In Store,buyhatke,yes,store only,replayjeans.com,site did not answer an automatic visit (2026-09-17),
Resonate Router UPS,buyhatke + maximize,yes,website,resonate.store,extension list (#26),
Riot League of Legends 1660,maximize,yes,website,riotgames.com,confirmed 2026-09-10: checked by hand,
Riot League of Legends 2900,maximize,yes,website,riotgames.com,confirmed 2026-09-10: checked by hand,
Riot League of Legends 415,maximize,yes,website,riotgames.com,confirmed 2026-09-10: checked by hand,
Riot League of Legends 4150,maximize,yes,website,riotgames.com,confirmed 2026-09-10: checked by hand,
Riot League of Legends 830,maximize,yes,website,riotgames.com,confirmed 2026-09-10: checked by hand,
Ritu Kumar Luxe In Store,buyhatke,yes,store only,ritukumar.com,page loaded and checked 2026-09-17,
RITU KUMAR- Luxe Gift Card,gyftr,yes,website,ritukumar.com,extension list (#26),
River Roost In Store,buyhatke,yes,store only,,voucher terms,resort booked by phone; no website found
Roblox,buyhatke + gyftr + maximize,yes,website,roblox.com,extension list (#26),
Roblox Gift Card,gyftr,yes,website,roblox.com,confirmed 2026-09-10: auto: name in address,
ROWAN- Luxe Gift Card,gyftr,yes,store only,,web search 2026-09-17,Reliance's toy store format; no website of its own
Salty,buyhatke,yes,website,salty.co.in,extension list (#26),
Samsonite,buyhatke + gyftr + maximize,yes,website,samsonite.in,extension list (#26),
Samsonite In Store,buyhatke,yes,store only,samsonite.in,page loaded and checked 2026-09-17,
Sandro Luxe In Store,buyhatke,yes,store only,sandro-paris.com,page loaded and checked 2026-09-17,
Sandro-Luxe Gift Card,gyftr,yes,store only,sandro-paris.com,page loaded and checked 2026-09-17,
Sathya In Store,buyhatke,yes,store only,sathya.store,voucher terms,
Satya Paul Luxe In Store,buyhatke,yes,store only,satyapaul.com,"site exists, blocks automatic visits (checked 2026-09-17)",
Satya Paul- Luxe Gift Card,gyftr,no,website,satyapaul.com,extension list (#26),
Satya Paul-Luxe,buyhatke + maximize,yes,store only,satyapaul.com,"Luxe card works online only on 8 brand sites (luxegiftcard.com/terms-and-conditions); this brand is not one, so stores only",
Scotch & Soda -Luxe Gift Card,gyftr,no,store only,scotch-soda.com,page loaded and checked 2026-09-17,
Scotch and Soda Luxe In Store,buyhatke,yes,store only,scotch-soda.com,page loaded and checked 2026-09-17,
Scotch and Soda-Luxe,maximize,yes,store only,,"Luxe card works online only on 8 brand sites (luxegiftcard.com/terms-and-conditions); this brand is not one, so stores only",
Scotch Soda Luxe In Store,buyhatke,yes,store only,scotch-soda.com,page loaded and checked 2026-09-17,
Senco Gold,maximize,yes,store only,sencogoldanddiamonds.com,page loaded and checked 2026-09-17,
Senco Gold In Store,buyhatke,yes,store only,sencogoldanddiamonds.com,page loaded and checked 2026-09-17,
Seniority,gyftr,no,website,seniority.in,extension list (#26),
Shell Fuel 1 Day Wait,buyhatke,yes,app only,shell.in,terms: redeemed in Shell Asia app,
ShemarooMe,buyhatke + gyftr,yes,website,shemaroome.com,extension list (#26),
Shilhaandara In Store,buyhatke,yes,store only,,voucher terms,resort booked by phone; no website found
Shiv Naresh,buyhatke + gyftr,yes,website,shivnaresh.in,extension list (#26),
Shiva Organic,buyhatke + gyftr,yes,website,shivaorganic.com,extension list (#26),
Shoppers Stop,gyftr + maximize,no,website,shoppersstop.com,extension list (#26),
Shopy Vision,buyhatke + gyftr,yes,website,shopyvision.com,extension list (#26),
SIGREE,gyftr + maximize,yes,store only,speciality.co.in,page loaded and checked 2026-09-17,
SIGREE In Store,buyhatke,yes,store only,speciality.co.in,page loaded and checked 2026-09-17,
Simon Carter,maximize,yes,store only,,web search 2026-09-17,sold in India by Aditya Birla Fashion; no website of its own found
Simon Carter Gift Voucher,gyftr,no,store only,,web search 2026-09-17,sold in India by Aditya Birla Fashion; no website of its own found
Simon Carter In Store,buyhatke,yes,store only,,web search 2026-09-17,sold in India by Aditya Birla Fashion; no website of its own found
Siri Nature Roost In Store,buyhatke,yes,store only,,voucher terms,resort booked by phone; no website found
Skechers,buyhatke + gyftr + maximize,yes,website,skechers.in,extension list (#26),
Skechers In Store,buyhatke,yes,store only,skechers.in,page loaded and checked 2026-09-17,
Skinn,gyftr + maximize,no,store only,skinn.in,web search 2026-09-17,SKINN by Titan (skinn.com is a different brand)
Skinn In Store,buyhatke,yes,store only,skinn.in,web search 2026-09-17,SKINN by Titan (skinn.com is a different brand)
Skinn In Store 3 Day Wait,buyhatke,yes,store only,skinn.in,web search 2026-09-17,SKINN by Titan (skinn.com is a different brand)
Skullcandy,buyhatke + gyftr + maximize,yes,website,shop.brandeyes.in,extension list (#26),
Smile Foundation,buyhatke + gyftr + maximize,yes,website,smilefoundationindia.org,extension list (#26),
Snitch,gyftr + maximize,yes,website,snitch.com,extension list (#26),
Snitch E,buyhatke,yes,website,snitch.com,confirmed 2026-09-10: auto: name in address,
Soch,gyftr + maximize,yes,website,soch.com,extension list (#26),
Soch In Store,buyhatke,no,store only,soch.com,page loaded and checked 2026-09-17,
Solara,gyftr,yes,website,solara.in,extension list (#26),
Sony Playstation,gyftr,no,website,playstation.com,confirmed 2026-09-10: auto: name in address,
SonyLiv,buyhatke + gyftr,yes,website,sonyliv.com,extension list (#26),
SOTC Travel,maximize,yes,store only,sotc.in,page loaded and checked 2026-09-17,
SOTC Travel In Store,buyhatke,yes,store only,sotc.in,page loaded and checked 2026-09-17,
Soulflower,buyhatke + gyftr + maximize,yes,website,soulflower.in,extension list (#26),
Spar Hypermart In Store,buyhatke,yes,store only,sparindia.com,page loaded and checked 2026-09-17,
Speedo,buyhatke + gyftr + maximize,yes,website,speedo.com,extension list (#26),
Spotify,gyftr,no,website,spotify.com,extension list (#26),
Sri Jagdamba Pearls,buyhatke,yes,website,jpearls.com,extension list (#26),
SSUNSU,buyhatke + gyftr + maximize,yes,website,ssunsu.in,extension list (#26),
Starbucks,buyhatke + gyftr + maximize,yes,website,starbucks.in,extension list (#26),
StayVista,buyhatke + maximize,yes,website,stayvista.com,extension list (#26),
Steam,buyhatke,no,website,store.steampowered.com,same brand on record (listing inactive),
Steam Gift Card,gyftr,yes,website,steampowered.com,confirmed 2026-09-10: auto: name in address,
Steam Wallet,gyftr,yes,website,steampowered.com,extension list (#26),
Steam Wallet INR 150,maximize,no,website,store.steampowered.com,verified in Aug 2026 audit,
Steam Wallet INR 1680,maximize,no,website,store.steampowered.com,verified in Aug 2026 audit,
Steam Wallet INR 500,maximize,no,website,store.steampowered.com,verified in Aug 2026 audit,
Steam Wallet INR 975,maximize,no,website,store.steampowered.com,verified in Aug 2026 audit,
Sterling Holidays,buyhatke + maximize,yes,website,sterlingholidays.com,extension list (#26),
Steve Madde-Luxe,buyhatke + maximize,yes,website,stevemadden.in,"Luxe card terms (luxegiftcard.com/terms-and-conditions) list 8 brand sites where it works online: superdry.in, stevemadden.in, mothercare.in, gasjeans.in, dieselindia.com, armaniexchange.in, muji.in, sunglasshut.in",
Steve Madden Luxe In Store,buyhatke,yes,store only,stevemadden.in,page loaded and checked 2026-09-17,
Steve Madden-Luxe Gift Card,gyftr,yes,website,stevemadden.in,extension list (#26),
Street Food by Punjab,maximize,yes,store only,punjabgrill.in,page loaded and checked 2026-09-17,
Street Foods By Punjab Grill In Store,buyhatke,yes,store only,punjabgrill.in,page loaded and checked 2026-09-17,
STYLE BAAZAR,gyftr + maximize,yes,store only,stylebaazar.in,page loaded and checked 2026-09-17,
Style Bazaar In Store,buyhatke,yes,store only,stylebaazar.in,page loaded and checked 2026-09-17,
Subway,gyftr + maximize,yes,store only,subway.in,confirmed 2026-09-10: auto: name in address,
Subway In Store,buyhatke,yes,store only,subway.com,page loaded and checked 2026-09-17,
Sunglass Hut In Store,buyhatke,yes,store only,sunglasshut.in,page loaded and checked 2026-09-17,
Sunglass Hut- Luxe Gift Card,gyftr,yes,store only,sunglasshut.in,page loaded and checked 2026-09-17,
Superbottoms,buyhatke + gyftr + maximize,yes,website,superbottoms.com,extension list (#26),
Superdry Luxe In Store,buyhatke,yes,store only,superdry.in,page loaded and checked 2026-09-17,
SUPERDRY SPORT- Luxe Gift Card,gyftr,yes,store only,superdry.in,page loaded and checked 2026-09-17,
Superdry-Luxe,buyhatke + maximize,yes,website,superdry.in,"Luxe card terms (luxegiftcard.com/terms-and-conditions) list 8 brand sites where it works online: superdry.in, stevemadden.in, mothercare.in, gasjeans.in, dieselindia.com, armaniexchange.in, muji.in, sunglasshut.in",
Superdry-Luxe Gift Card,gyftr,yes,website,superdry.in,extension list (#26),
Surat Diamond,maximize,yes,website,suratdiamond.com,extension list (#26),
Surat Diamonds,gyftr,yes,website,suratdiamond.com,confirmed 2026-09-10: auto: name in address,
Surat Diamonds Main,maximize,yes,website,suratdiamond.com,confirmed 2026-09-10: auto: name in address,
Surat Diamonds Solitaire,maximize,yes,website,suratdiamond.com,confirmed 2026-09-10: auto: name in address,
Swan,gyftr,yes,store only,massiverestaurants.com,web search 2026-09-17,a Massive Restaurants brand
Sweet Bengal,gyftr + maximize,yes,store only,sweetbengal.co.in,page loaded and checked 2026-09-17,
Sweet Bengal In Store,buyhatke,yes,store only,sweetbengal.co.in,page loaded and checked 2026-09-17,
Sweet Truth,buyhatke + gyftr + maximize,yes,website,sweettruth.in,extension list (#26),
Swiggy Food Discount Voucher,gyftr,no,website,swiggy.com,verified in Aug 2026 audit,
Swiggy Instamart,buyhatke + gyftr,yes,website,swiggy.com,verified in Aug 2026 audit,
Swiggy Money Voucher,gyftr,yes,website,swiggy.com,extension list (#26),
Swiggy One Lite Membership,gyftr,no,website,swiggy.com,verified in Aug 2026 audit,
SWISS BEAUTY,gyftr,no,website,swissbeauty.in,extension list (#26),
TA iServeU Gift Card - Generic (Upto 2000),maximize,no,not a shop,,"a general-purpose prepaid card, not a shop (inactive)",
TA iServeU Gift Card - Generic Variant,maximize,no,not a shop,,"a general-purpose prepaid card, not a shop (inactive)",
TA iServeU Gift Card - Limited (Upto 2000),maximize,yes,not a shop,,"a general-purpose prepaid card, not a shop",
TA iServeU Gift Card - Limited Variant,maximize,yes,not a shop,,"a general-purpose prepaid card, not a shop",
TA iServeU Gift Card - Max Variant,maximize,no,not a shop,,"a general-purpose prepaid card, not a shop (inactive)",
TA iServeU Gift Card - Max Variant (Upto 1000),maximize,no,not a shop,,"a general-purpose prepaid card, not a shop (inactive)",
Taco Bell,maximize,yes,store only,tacobell.co.in,page loaded and checked 2026-09-17,
Taco Bell In Store,buyhatke,yes,store only,tacobell.co.in,page loaded and checked 2026-09-17,
Tagg,buyhatke,no,website,amdigital.in,terms: redeem at amdigital.in/product-category/brands/tagg (listing inactive),
Taj Dining,buyhatke,yes,store only,tajhotels.com,"terms: used at Taj, SeleQtions, Vivanta hotels",
Taj Experiences,buyhatke + gyftr + maximize,yes,store only,tajhotels.com,terms: tajhotels.com/giftcards; used at Taj hotels and outlets,
Taj Experiences In Store,buyhatke,yes,store only,tajhotels.com,"site exists, blocks automatic visits (checked 2026-09-17)",
Taj Hotels J Wellness Circle,gyftr,yes,store only,tajhotels.com,"site exists, blocks automatic visits (checked 2026-09-17)",
Taj Hotels J Wellness Circle Bliss Duo,maximize,yes,store only,tajhotels.com,"site exists, blocks automatic visits (checked 2026-09-17)",
Taj Hotels J Wellness Circle Bliss Duo In Store,buyhatke,yes,store only,tajhotels.com,"site exists, blocks automatic visits (checked 2026-09-17)",
Taj Hotels J Wellness Circle Bliss Solo,maximize,yes,store only,tajhotels.com,"site exists, blocks automatic visits (checked 2026-09-17)",
Taj Hotels J Wellness Circle Bliss Solo In Store,buyhatke,yes,store only,tajhotels.com,"site exists, blocks automatic visits (checked 2026-09-17)",
Taj Spa,buyhatke,yes,store only,tajhotels.com,"terms: used at Taj, SeleQtions, Vivanta hotels",
Taneira,buyhatke + gyftr + maximize,yes,store only,taneira.com,web search: taneira.com (Titan); Gyftr: cannot be used online; Maximize: checkout counters,
Taneira In Store,buyhatke,yes,store only,taneira.com,"site exists, blocks automatic visits (checked 2026-09-17)",
Tanishq,gyftr,no,store only,tanishq.co.in,"site exists, blocks automatic visits (checked 2026-09-17)",
Tanishq Diamond,maximize,yes,store only,tanishq.co.in,"site exists, blocks automatic visits (checked 2026-09-17)",
Tanishq Diamond Jewellery,gyftr,no,store only,tanishq.co.in,"site exists, blocks automatic visits (checked 2026-09-17)",
Tanishq Gold Coin,buyhatke + gyftr + maximize,yes,website,stores.tanishq.co.in,extension list (#26),
Tanishq Gold Coin In Store,buyhatke,yes,store only,tanishq.co.in,"site exists, blocks automatic visits (checked 2026-09-17)",
Tanishq Gold Jewellery,gyftr + maximize,yes,store only,tanishq.co.in,"site exists, blocks automatic visits (checked 2026-09-17)",
Tanishq Gold Jewellery In Store,buyhatke,yes,store only,tanishq.co.in,"site exists, blocks automatic visits (checked 2026-09-17)",
Tanishq Studded In Store,buyhatke,yes,store only,tanishq.co.in,known brand site,
Tasva,gyftr + maximize,yes,store only,tasva.com,page loaded and checked 2026-09-17,
TATA CLiQ,gyftr + maximize,yes,website,tatacliq.com,extension list (#26),
TATA CLiQ Fashion,buyhatke + maximize,yes,website,tatacliq.com,confirmed 2026-09-10: auto: name in address,
Tata CliQ Luxury,buyhatke + gyftr + maximize,yes,website,tatacliq.com,confirmed 2026-09-10: auto: name in address,
Tattva Spa,buyhatke + gyftr + maximize,yes,website,tattvaspa.com,extension list (#26),
TEGO,buyhatke + gyftr + maximize,yes,website,tego.fit,extension list (#26),
TGI Fridays In Store,buyhatke,yes,store only,tgifindia.com,web search 2026-09-17,
TGIF,gyftr,yes,store only,tgifindia.com,web search 2026-09-17,
Thalaiva Biryani,buyhatke,yes,app only,eatsure.com,terms: only redeemable in the EatSure iOS/Android app (a Rebel Foods brand); eatsure.com rejected as this brand's site on 2026-09-10,
The Bear House,maximize,yes,website,thebearhouse.com,confirmed 2026-09-10: auto: name in address,
The Biryani Life,buyhatke,yes,app only,eatsure.com,terms: only redeemable in the EatSure iOS/Android app (a Rebel Foods brand); eatsure.com rejected as this brand's site on 2026-09-10,
The Body Shop,buyhatke + gyftr + maximize,yes,website,thebodyshop.in,extension list (#26),
The Collective,buyhatke + maximize,yes,website,thecollective.in,extension list (#26),
The Good Bowl,buyhatke + gyftr + maximize,yes,app only,eatsure.com,terms: only redeemable in the EatSure iOS/Android app (a Rebel Foods brand); eatsure.com rejected as this brand's site on 2026-09-10,
The Leela,maximize,yes,store only,theleela.com,page loaded and checked 2026-09-17,
The Man Company,buyhatke + gyftr + maximize,yes,website,themancompany.com,extension list (#26),
The Postcard Hotels,maximize,yes,store only,thepostcardhotel.com,site did not answer an automatic visit (2026-09-17),
The Raymond Shop,gyftr + maximize,yes,store only,myraymond.com,page loaded and checked 2026-09-17,
The Raymond Shop In Store,buyhatke,yes,store only,myraymond.com,page loaded and checked 2026-09-17,
The Skin Story,gyftr,no,website,theskinstory.in,extension list (#26),
The Sleep Company In Store,buyhatke,no,store only,thesleepcompany.in,page loaded and checked 2026-09-17,
The White Crow-Luxe Gift Card,gyftr,yes,store only,,web search 2026-09-17,"Reliance multi-brand store, now renamed AJIO Luxe Store; no website of its own"
Things2Do,buyhatke,yes,website,things2.do,extension list (#26),
Thinsane Pizza,buyhatke,yes,app only,eatsure.com,terms: only redeemable in the EatSure iOS/Android app (a Rebel Foods brand); eatsure.com rejected as this brand's site on 2026-09-10,
Third Wave Coffee,buyhatke + maximize,yes,app only,thirdwavecoffeeroasters.com,web search: thirdwavecoffeeroasters.com; terms: orders via Third Wave app,
Tim Hortons,gyftr + maximize,yes,store only,timhortons.in,page loaded and checked 2026-09-17,
Tim Hortons In Store,buyhatke,yes,store only,timhortons.in,page loaded and checked 2026-09-17,
Times Prime Lite,buyhatke,yes,website,timesprime.com,extension list (#26),
Times Prime Power,buyhatke,yes,website,timesprime.com,confirmed 2026-09-10: auto: name in address,
Times Prime Prive,buyhatke,yes,website,timesprime.com,confirmed 2026-09-10: auto: name in address,
Timezone,buyhatke + gyftr + maximize,yes,store only,timezonegames.com,"web search: timezonegames.com/en-in; Gyftr: cannot be used online, listed outlets",
TimeZone In Store,buyhatke,yes,store only,timezonegames.com,page loaded and checked 2026-09-17,
Tinder,buyhatke + gyftr + maximize,yes,website,tinder.com,extension list (#26),
Tira Beauty,buyhatke + maximize,yes,website,tirabeauty.com,"web search: tirabeauty.com; terms: Tira website, app and stores",
Titan,gyftr + maximize,yes,store only,titan.co.in,"site exists, blocks automatic visits (checked 2026-09-17)",
Titan Eye Plus,gyftr + maximize,yes,store only,titaneyeplus.com,page loaded and checked 2026-09-17,
Titan Eye Plus In Store,buyhatke,yes,store only,titaneyeplus.com,page loaded and checked 2026-09-17,
Titan In Store 3 Day Wait,buyhatke,yes,store only,titan.co.in,"site exists, blocks automatic visits (checked 2026-09-17)",
Titan Minimals,gyftr + maximize,yes,store only,titan.co.in,"site exists, blocks automatic visits (checked 2026-09-17)",
Titan Minimals In Store,buyhatke,yes,store only,titan.co.in,"site exists, blocks automatic visits (checked 2026-09-17)",
Titan Minimals In Store 3 Day Wait,buyhatke,yes,store only,titan.co.in,"site exists, blocks automatic visits (checked 2026-09-17)",
Titan Smartwatches,gyftr,yes,store only,titan.co.in,"site exists, blocks automatic visits (checked 2026-09-17)",
Tods Luxe In Store,buyhatke,yes,store only,tods.com,"site exists, blocks automatic visits (checked 2026-09-17)",
TODS- Luxe Gift Card,gyftr,yes,store only,tods.com,"site exists, blocks automatic visits (checked 2026-09-17)",
Toni & Guy - Luzo Gift Card,gyftr,yes,app only,luzo.app,terms: services booked through the Luzo app; real site luzo.app (luzoapp.com is a lookalike),
Tory Burch Luxe In Store,buyhatke,yes,store only,toryburch.com,page loaded and checked 2026-09-17,
TORY BURCH- Luxe Gift Card,gyftr,yes,store only,toryburch.com,page loaded and checked 2026-09-17,
Toscano,maximize,yes,store only,toscano.in,page loaded and checked 2026-09-17,
Toscano In Store,buyhatke,yes,store only,toscano.in,page loaded and checked 2026-09-17,
Trends Footwear,maximize,yes,store only,trends.ajio.com,"site exists, blocks automatic visits (checked 2026-09-17)",
Trends Footwear In Store,buyhatke,yes,store only,trends.ajio.com,"site exists, blocks automatic visits (checked 2026-09-17)",
Trends Junior,maximize,yes,store only,trends.ajio.com,"site exists, blocks automatic visits (checked 2026-09-17)",
Trends Junior In Store,buyhatke,yes,store only,trends.ajio.com,"site exists, blocks automatic visits (checked 2026-09-17)",
Trends Man,maximize,yes,store only,trends.ajio.com,"site exists, blocks automatic visits (checked 2026-09-17)",
Trends Man In Store,buyhatke,yes,store only,trends.ajio.com,"site exists, blocks automatic visits (checked 2026-09-17)",
Trends Women,maximize,no,store only,trends.ajio.com,"site exists, blocks automatic visits (checked 2026-09-17)",
Trends Women In Store,buyhatke,yes,store only,trends.ajio.com,"site exists, blocks automatic visits (checked 2026-09-17)",
Tridom In Store,buyhatke,yes,store only,,voucher terms,no website found
TripXOXO,buyhatke + maximize,yes,website,tripxoxo.com,extension list (#26),
Troll Beads,gyftr,no,website,trollbeads.com,extension list (#26),
TRUEFITT & HILL,gyftr,yes,store only,truefittandhill.in,page loaded and checked 2026-09-17,
TRUEFITT and HILL,maximize,yes,store only,truefittandhill.in,page loaded and checked 2026-09-17,
TRUEFITT HILL In Store,buyhatke,yes,store only,truefittandhill.in,page loaded and checked 2026-09-17,
Tumi - Luxe,maximize,yes,store only,tumi.in,"Luxe card works online only on 8 brand sites (luxegiftcard.com/terms-and-conditions); this brand is not one, so stores only",
Tumi Luxe Brand In Store,buyhatke,yes,store only,tumi.in,page loaded and checked 2026-09-17,
TUMI- Luxe Gift Card,gyftr,no,website,tumi.in,extension list (#26),
Typsy Beauty,buyhatke + gyftr,yes,website,typsybeauty.com,extension list (#26),
UBER,buyhatke + gyftr,yes,website,uber.com,extension list (#26),
Unicorn Apple Premium In Store,buyhatke,yes,store only,unicornstore.in,page loaded and checked 2026-09-17,
Unicorn Apple Premium Partner,maximize,yes,store only,unicornstore.in,page loaded and checked 2026-09-17,
UniPin,buyhatke + gyftr + maximize,yes,website,unipin.com,extension list (#26),
UniPin BGMI,gyftr,yes,website,unipin.com,confirmed 2026-09-10: checked by hand,
Unipin- BGMI Voucher,maximize,yes,website,unipin.com,confirmed 2026-09-10: checked by hand,
United Colors of Benetton BAGLINE,buyhatke,yes,website,bagline.com,confirmed 2026-09-10: auto: name in address,
Unlimited,maximize,yes,store only,vmartretail.com,web search 2026-09-17,Unlimited stores are now run by V-Mart
Unlimited In Store,buyhatke,yes,store only,vmartretail.com,web search 2026-09-17,Unlimited stores are now run by V-Mart
Urban Ladder,buyhatke + maximize,yes,website,urbanladder.com,extension list (#26),
Urban Space,buyhatke + gyftr + maximize,yes,website,urbanspacestore.in,extension list (#26),
V Mart,gyftr + maximize,yes,store only,vmart.co.in,page loaded and checked 2026-09-17,
V Mart In Store,buyhatke,yes,store only,vmart.co.in,page loaded and checked 2026-09-17,
Vaango,maximize,yes,store only,vaango.in,web search 2026-09-17,
Vaango In Store,buyhatke,yes,store only,vaango.in,web search 2026-09-17,
Valentino Luxe In Store,buyhatke,yes,store only,valentino.com,page loaded and checked 2026-09-17,
VALENTINO- Luxe Gift Card,gyftr,yes,store only,valentino.com,page loaded and checked 2026-09-17,
Valorant,buyhatke + gyftr + maximize,yes,website,playvalorant.com,extension list (#26),
Valorant Gift Card,gyftr,yes,website,riotgames.com,confirmed 2026-09-10: checked by hand,
Van Heusen,maximize,yes,store only,vanheusenindia.abfrl.in,page loaded and checked 2026-09-17,
Van Heusen Gift Voucher,gyftr,no,store only,vanheusenindia.abfrl.in,page loaded and checked 2026-09-17,
Van Heusen In Store,buyhatke,yes,store only,vanheusenindia.abfrl.in,page loaded and checked 2026-09-17,
Vaya,buyhatke,yes,website,vaya.in,extension list (#26),
Veridicus,buyhatke + gyftr,yes,website,veridicushealthcares.com,extension list (#26),
Versace Luxe In Store,buyhatke,yes,store only,versace.com,site did not answer an automatic visit (2026-09-17),
VERSACE- Luxe Gift Card,gyftr,no,store only,versace.com,site did not answer an automatic visit (2026-09-17),
VICTORIA'S SECRET,buyhatke + gyftr + maximize,yes,store only,victoriassecret.in,web search: victoriassecret.in; brand's terms: accepted at listed Inglot / Victoria's Secret / Bath & Body Works / R&B stores; Gyftr: CANNOT be used online,
VICTORIA'S SECRET BEAUTY,gyftr + maximize,yes,store only,victoriassecret.in,page loaded and checked 2026-09-17,
Vijay Sales,gyftr + maximize,yes,store only,vijaysales.com,verified in Aug 2026 audit,
Vijay Sales In Store,buyhatke,yes,store only,vijaysales.com,page loaded and checked 2026-09-17,
VILLEROY AND BOCH- Luxe Gift Card,gyftr,yes,store only,villeroy-boch.com,"site exists, blocks automatic visits (checked 2026-09-17)",
Villeroy Boch Luxe In Store,buyhatke,yes,store only,villeroy-boch.com,"site exists, blocks automatic visits (checked 2026-09-17)",
Vinzberry,gyftr,no,website,vinzberry.com,extension list (#26),
Vitamin Haat,buyhatke,yes,website,vitaminhaat.com,extension list (#26),
VROTT,buyhatke + gyftr + maximize,yes,website,vrott.tv,extension list (#26),
W,gyftr,yes,store only,wforwoman.com,page loaded and checked 2026-09-17,
W For Woman In Store,buyhatke,yes,store only,wforwoman.com,page loaded and checked 2026-09-17,
W For Women,maximize,yes,store only,wforwoman.com,page loaded and checked 2026-09-17,
Wakefit,buyhatke + maximize,yes,website,wakefit.co,extension list (#26),
Water Bill Payment,gyftr,no,not a shop,,"bill payment / recharge, not a shop (inactive)",
Wellbeing Nutrition,buyhatke + gyftr + maximize,yes,website,wellbeingnutrition.com,extension list (#26),
Wendy's,buyhatke + gyftr + maximize,yes,website,wendys.com,extension list (#26),
West Elm Luxe In Store,buyhatke,yes,store only,westelm.in,page loaded and checked 2026-09-17,
WEST ELM- Luxe Gift Card,gyftr,yes,website,westelm.in,extension list (#26),
Westside,gyftr + maximize,no,store only,westside.com,page loaded and checked 2026-09-17,
Westside [No Cooling Period],maximize,no,store only,westside.com,page loaded and checked 2026-09-17,
Westside In Store,buyhatke,no,store only,westside.com,page loaded and checked 2026-09-17,
Westside In Store 8 Hr Wait,buyhatke,no,store only,westside.com,page loaded and checked 2026-09-17,
What's Up Wellness,gyftr,yes,website,whatsupwellness.in,extension list (#26),
White Crow In Store,buyhatke,yes,store only,,web search 2026-09-17,"Reliance multi-brand store, now renamed AJIO Luxe Store; no website of its own"
Wildcraft,gyftr + maximize,yes,store only,wildcraft.com,page loaded and checked 2026-09-17,
Wildcraft In Store,buyhatke,yes,store only,wildcraft.com,page loaded and checked 2026-09-17,
William Penn,gyftr + maximize,yes,store only,williampenn.net,page loaded and checked 2026-09-17,
William Penn In Store,buyhatke,yes,store only,williampenn.net,page loaded and checked 2026-09-17,
Woggles,buyhatke,yes,website,woggles.in,extension list (#26),
Wonderchef,buyhatke + gyftr + maximize,yes,website,wonderchef.com,extension list (#26),
Woodland,buyhatke + gyftr,yes,website,woodlandworldwide.com,extension list (#26),
Woodland In Store,buyhatke,yes,store only,woodlandworldwide.com,page loaded and checked 2026-09-17,
World of Titan,maximize,yes,website,titan.co.in,extension list (#26),
World of Titan 8 Hr Wait,buyhatke,yes,website,titan.co.in,confirmed 2026-09-10: checked by hand,
World of Titan In Store 1 Day Wait,buyhatke,yes,store only,titan.co.in,"site exists, blocks automatic visits (checked 2026-09-17)",
World of Titan SmartWatch,maximize,yes,website,titan.co.in,confirmed 2026-09-10: checked by hand,
Wow China In Store,buyhatke,yes,store only,wowmomo.com,page loaded and checked 2026-09-17,
Wow Momo In Store,buyhatke,yes,store only,wowmomo.com,page loaded and checked 2026-09-17,
Wow!Chicken,buyhatke + gyftr,yes,store only,wowmomo.com,web search: wowmomo.com (Wow! Chicken by Wow! Momo); terms: accepted at listed outlets,
Wow!China,gyftr,yes,store only,wowmomo.com,page loaded and checked 2026-09-17,
Wow!Momo,gyftr,yes,store only,wowmomo.com,page loaded and checked 2026-09-17,
Wrangler,maximize,yes,store only,wrangler.in,page loaded and checked 2026-09-17,
Wrangler In Store,buyhatke,yes,store only,wrangler.in,page loaded and checked 2026-09-17,
Wynk Music,gyftr,no,website,wynk.in,extension list (#26),
Xbox Essential Game Pass,buyhatke,yes,website,xbox.com,confirmed 2026-09-10: auto: name in address,
Xbox Premium Game Pass,buyhatke,yes,website,xbox.com,extension list (#26),
Xbox Ultimate Game Pass,buyhatke,yes,website,xbox.com,confirmed 2026-09-10: auto: name in address,
Xfused,buyhatke,yes,website,goxfused.com,extension list (#26),
Yalla Ludo,gyftr + maximize,yes,website,yallaludo.com,extension list (#26),
Yatra,buyhatke + maximize,yes,website,yatra.com,extension list (#26),
Yatra - 1500,maximize,yes,website,yatra.com,confirmed 2026-09-10: auto: name in address,
Yatra - 2000,maximize,yes,website,yatra.com,confirmed 2026-09-10: auto: name in address,
Yatra - 500,maximize,yes,website,yatra.com,confirmed 2026-09-10: auto: name in address,
Yatra Hotel,buyhatke + maximize,yes,website,yatra.com,confirmed 2026-09-10: auto: name in address,
Yatra Hotel Gift Card,gyftr,yes,website,yatra.com,confirmed 2026-09-10: auto: name in address,
Yatra Hotels and Holidays,buyhatke + maximize,yes,website,yatra.com,confirmed 2026-09-10: auto: name in address,
Yatra Hotels Holidays,buyhatke,yes,website,yatra.com,confirmed 2026-09-10: auto: name in address,
Yatra Voucher,gyftr,no,website,yatra.com,confirmed 2026-09-10: auto: name in address,
YouMee,maximize,yes,store only,youmee.co.in,web search 2026-09-17,a Lite Bite Foods brand
YouMee In Store,buyhatke,yes,store only,youmee.co.in,web search 2026-09-17,a Lite Bite Foods brand
Zambar,maximize,yes,store only,speciality.co.in,page loaded and checked 2026-09-17,
Zambar In Store,buyhatke,yes,store only,speciality.co.in,page loaded and checked 2026-09-17,
Zee5,buyhatke + gyftr,yes,website,zee5.com,extension list (#26),
ZEE5 Regional,buyhatke,yes,website,zee5.com,confirmed 2026-09-10: auto: name in address,
Zepto,buyhatke + gyftr + maximize,yes,website,zeptonow.com,extension list (#26),
Zomato,buyhatke + maximize,yes,website,zomato.com,extension list (#26),
Zomato Gift Card,gyftr,yes,website,zomato.com,verified in Aug 2026 audit,
Zoomcar,buyhatke + gyftr + maximize,yes,website,zoomcar.com,extension list (#26),
Zouk,gyftr + maximize,yes,website,zouk.co.in,extension list (#26),
